# chuiniu/docs/UI.html's layout, as headless Chromium computed it (tools/dump_study_layout.mjs).
# One block a case: W H state seats, then the board, the camera, the ring, each seat, the peek, every die and cup.
case 390 340 table 2
board topM 8.000000 boardH 220.000000 short 1 d 16.000000 ring 23.137702 myR 40.937702 mcx 179.000000 mcy 186.000000 origin 195.000000 194.000000
cam theta 0.148491 D 570.894912 zoom 1.060000
toScreen -400.000000 -185.949032 0.960442 | -150.000000 42.633637 1.020337 | -40.000000 152.496808 1.049125 | 30.000000 225.696478 1.068305
fromScreen 0.000000 -194.376954 | 70.000000 -122.023104 | 250.000000 52.688653
ring R 36.000000 cy 66.000000 rx 0.000000 ry 0.000000 pad 40 padX 40
seat 1 48.000000 66.000000
name 1 48.000000 116.000000
plate 190.000000 50.000000 160.000000 56.000000
peek 1.274090 -40.937702 8.187540 4.912524
die 1 46.432748 45.268067 0.217254 14.070160
die 1 66.125087 59.246327 0.200309 14.070160
die 1 59.608593 82.415851 -0.237962 14.070160
die 1 34.794349 82.688600 -0.010091 14.070160
die 0 177.629887 163.021764 0.136888 16.000000
die 0 202.313271 180.501581 -0.180447 16.000000
die 0 193.233110 203.209033 0.110619 16.000000
die 0 166.758054 205.317576 -0.037910 16.000000
die 0 157.627484 177.403102 0.039307 16.000000
cup 1 48.000000 66.000000 0.000000 36.000000 0 rot 0.000000 0.000000 0.000000 0.000000 0.000000 0.000000 0.000000 0.000000 0.000000 shadow 36.000000 0.000000 0.000000
cup 0 179.000000 186.000000 0.000000 40.937702 0 rot 0.000000 0.000000 0.000000 0.000000 0.000000 0.000000 0.000000 0.000000 0.000000 shadow 40.937702 0.000000 0.000000
case 390 340 table 3
board topM 8.000000 boardH 220.000000 short 1 d 16.000000 ring 23.137702 myR 40.937702 mcx 179.000000 mcy 186.000000 origin 195.000000 194.000000
cam theta 0.148491 D 570.894912 zoom 1.060000
toScreen -400.000000 -185.949032 0.960442 | -150.000000 42.633637 1.020337 | -40.000000 152.496808 1.049125 | 30.000000 225.696478 1.068305
fromScreen 0.000000 -194.376954 | 70.000000 -122.023104 | 250.000000 52.688653
ring R 36.000000 cy 66.000000 rx 0.000000 ry 0.000000 pad 40 padX 40
seat 1 48.000000 66.000000
seat 2 128.000000 66.000000
name 1 48.000000 116.000000
name 2 128.000000 116.000000
plate 190.000000 50.000000 160.000000 56.000000
peek 1.274090 -40.937702 8.187540 4.912524
die 1 46.432748 45.268067 0.217254 14.070160
die 1 66.125087 59.246327 0.200309 14.070160
die 1 59.608593 82.415851 -0.237962 14.070160
die 1 34.794349 82.688600 -0.010091 14.070160
die 2 128.424742 45.783861 0.141738 14.070160
die 2 148.053048 59.913547 -0.074788 14.070160
die 2 138.989631 81.971973 0.199457 14.070160
die 2 115.596970 81.725828 -0.125746 14.070160
die 2 108.478503 60.234980 -0.161814 14.070160
die 0 177.629887 163.021764 0.136888 16.000000
die 0 202.313271 180.501581 -0.180447 16.000000
die 0 193.233110 203.209033 0.110619 16.000000
die 0 166.758054 205.317576 -0.037910 16.000000
die 0 157.627484 177.403102 0.039307 16.000000
cup 1 48.000000 66.000000 0.000000 36.000000 0 rot 0.000000 0.000000 0.000000 0.000000 0.000000 0.000000 0.000000 0.000000 0.000000 shadow 36.000000 0.000000 0.000000
cup 2 128.000000 66.000000 0.000000 36.000000 0 rot 0.000000 0.000000 0.000000 0.000000 0.000000 0.000000 0.000000 0.000000 0.000000 shadow 36.000000 0.000000 0.000000
cup 0 179.000000 186.000000 0.000000 40.937702 0 rot 0.000000 0.000000 0.000000 0.000000 0.000000 0.000000 0.000000 0.000000 0.000000 shadow 40.937702 0.000000 0.000000
case 390 340 table 4
board topM 8.000000 boardH 220.000000 short 1 d 16.000000 ring 23.137702 myR 40.937702 mcx 179.000000 mcy 186.000000 origin 195.000000 194.000000
cam theta 0.148491 D 570.894912 zoom 1.060000
toScreen -400.000000 -185.949032 0.960442 | -150.000000 42.633637 1.020337 | -40.000000 152.496808 1.049125 | 30.000000 225.696478 1.068305
fromScreen 0.000000 -194.376954 | 70.000000 -122.023104 | 250.000000 52.688653
ring R 29.666667 cy 66.000000 rx 0.000000 ry 0.000000 pad 40 padX 40
seat 1 41.666667 66.000000
seat 2 109.000000 66.000000
seat 3 176.333333 66.000000
name 1 41.666667 109.666667
name 2 109.000000 109.666667
name 3 176.333333 109.666667
plate 210.000000 50.000000 140.000000 56.000000
peek 1.274090 -40.937702 8.187540 4.912524
die 1 40.375135 48.915352 0.217254 11.594854
die 1 56.603081 60.434473 0.200309 11.594854
die 1 51.233007 79.527877 -0.237962 11.594854
die 1 30.784232 79.752643 -0.010091 11.594854
die 2 109.350019 49.340404 0.141738 11.594854
die 2 125.525197 60.984312 -0.074788 11.594854
die 2 118.056270 79.162089 0.199457 11.594854
die 2 98.778985 78.959247 -0.125746 11.594854
die 2 92.912840 61.249196 -0.161814 11.594854
die 3 175.000326 49.031580 -0.026500 11.594854
die 3 193.126287 61.847078 0.152391 11.594854
die 3 185.702710 79.285075 -0.046240 11.594854
die 0 177.629887 163.021764 0.136888 16.000000
die 0 202.313271 180.501581 -0.180447 16.000000
die 0 193.233110 203.209033 0.110619 16.000000
die 0 166.758054 205.317576 -0.037910 16.000000
die 0 157.627484 177.403102 0.039307 16.000000
cup 1 41.666667 66.000000 0.000000 29.666667 0 rot 0.000000 0.000000 0.000000 0.000000 0.000000 0.000000 0.000000 0.000000 0.000000 shadow 29.666667 0.000000 0.000000
cup 2 109.000000 66.000000 0.000000 29.666667 0 rot 0.000000 0.000000 0.000000 0.000000 0.000000 0.000000 0.000000 0.000000 0.000000 shadow 29.666667 0.000000 0.000000
cup 3 176.333333 66.000000 0.000000 29.666667 0 rot 0.000000 0.000000 0.000000 0.000000 0.000000 0.000000 0.000000 0.000000 0.000000 shadow 29.666667 0.000000 0.000000
cup 0 179.000000 186.000000 0.000000 40.937702 0 rot 0.000000 0.000000 0.000000 0.000000 0.000000 0.000000 0.000000 0.000000 0.000000 shadow 40.937702 0.000000 0.000000
case 390 340 table 5
board topM 8.000000 boardH 220.000000 short 1 d 16.000000 ring 23.137702 myR 40.937702 mcx 179.000000 mcy 186.000000 origin 195.000000 194.000000
cam theta 0.148491 D 570.894912 zoom 1.060000
toScreen -400.000000 -185.949032 0.960442 | -150.000000 42.633637 1.020337 | -40.000000 152.496808 1.049125 | 30.000000 225.696478 1.068305
fromScreen 0.000000 -194.376954 | 70.000000 -122.023104 | 250.000000 52.688653
ring R 36.000000 cy 66.000000 rx 0.000000 ry 0.000000 pad 40 padX 40
seat 1 48.000000 66.000000
seat 2 128.000000 66.000000
seat 3 208.000000 66.000000
seat 4 288.000000 66.000000
name 1 48.000000 116.000000
name 2 128.000000 116.000000
name 3 208.000000 116.000000
name 4 288.000000 116.000000
plate none
peek 1.274090 -40.937702 8.187540 4.912524
die 1 46.432748 45.268067 0.217254 14.070160
die 1 66.125087 59.246327 0.200309 14.070160
die 1 59.608593 82.415851 -0.237962 14.070160
die 1 34.794349 82.688600 -0.010091 14.070160
die 2 128.424742 45.783861 0.141738 14.070160
die 2 148.053048 59.913547 -0.074788 14.070160
die 2 138.989631 81.971973 0.199457 14.070160
die 2 115.596970 81.725828 -0.125746 14.070160
die 2 108.478503 60.234980 -0.161814 14.070160
die 3 206.382418 45.409108 -0.026500 14.070160
die 3 228.377967 60.960500 0.152391 14.070160
die 3 219.369581 82.121215 -0.046240 14.070160
die 4 288.595103 45.765606 -0.199898 14.070160
die 4 307.157978 60.270020 -0.111909 14.070160
die 4 298.937495 82.297997 0.018314 14.070160
die 4 276.724209 82.840569 -0.121758 14.070160
die 4 269.716289 59.024865 0.023922 14.070160
die 0 177.629887 163.021764 0.136888 16.000000
die 0 202.313271 180.501581 -0.180447 16.000000
die 0 193.233110 203.209033 0.110619 16.000000
die 0 166.758054 205.317576 -0.037910 16.000000
die 0 157.627484 177.403102 0.039307 16.000000
cup 1 48.000000 66.000000 0.000000 36.000000 0 rot 0.000000 0.000000 0.000000 0.000000 0.000000 0.000000 0.000000 0.000000 0.000000 shadow 36.000000 0.000000 0.000000
cup 2 128.000000 66.000000 0.000000 36.000000 0 rot 0.000000 0.000000 0.000000 0.000000 0.000000 0.000000 0.000000 0.000000 0.000000 shadow 36.000000 0.000000 0.000000
cup 3 208.000000 66.000000 0.000000 36.000000 0 rot 0.000000 0.000000 0.000000 0.000000 0.000000 0.000000 0.000000 0.000000 0.000000 shadow 36.000000 0.000000 0.000000
cup 4 288.000000 66.000000 0.000000 36.000000 0 rot 0.000000 0.000000 0.000000 0.000000 0.000000 0.000000 0.000000 0.000000 0.000000 shadow 36.000000 0.000000 0.000000
cup 0 179.000000 186.000000 0.000000 40.937702 0 rot 0.000000 0.000000 0.000000 0.000000 0.000000 0.000000 0.000000 0.000000 0.000000 shadow 40.937702 0.000000 0.000000
case 390 340 table 6
board topM 8.000000 boardH 220.000000 short 1 d 16.000000 ring 23.137702 myR 40.937702 mcx 179.000000 mcy 186.000000 origin 195.000000 194.000000
cam theta 0.148491 D 570.894912 zoom 1.060000
toScreen -400.000000 -185.949032 0.960442 | -150.000000 42.633637 1.020337 | -40.000000 152.496808 1.049125 | 30.000000 225.696478 1.068305
fromScreen 0.000000 -194.376954 | 70.000000 -122.023104 | 250.000000 52.688653
ring R 30.200000 cy 66.000000 rx 0.000000 ry 0.000000 pad 40 padX 40
seat 1 42.200000 66.000000
seat 2 110.600000 66.000000
seat 3 179.000000 66.000000
seat 4 247.400000 66.000000
seat 5 315.800000 66.000000
name 1 42.200000 110.200000
name 2 110.600000 110.200000
name 3 179.000000 110.200000
name 4 247.400000 110.200000
name 5 315.800000 110.200000
plate none
peek 1.274090 -40.937702 8.187540 4.912524
die 1 40.885250 48.608212 0.217254 11.803301
die 1 57.404934 60.334418 0.200309 11.803301
die 1 51.938320 79.771075 -0.237962 11.803301
die 1 31.121926 79.999881 -0.010091 11.803301
die 2 110.956311 49.040905 0.141738 11.803301
die 2 127.422279 60.894142 -0.074788 11.803301
die 2 119.819080 79.398711 0.199457 11.803301
die 2 100.195236 79.192222 -0.125746 11.803301
die 2 94.223633 61.163789 -0.161814 11.803301
die 3 177.643029 48.726530 -0.026500 11.803301
die 3 196.094850 61.772419 0.152391 11.803301
die 3 188.537815 79.523908 -0.046240 11.803301
die 4 247.899226 49.025592 -0.199898 11.803301
die 4 263.471415 61.193183 -0.111909 11.803301
die 4 256.575343 79.672209 0.018314 11.803301
die 4 237.940864 80.127366 -0.121758 11.803301
die 4 232.061998 60.148637 0.023922 11.803301
die 0 177.629887 163.021764 0.136888 16.000000
die 0 202.313271 180.501581 -0.180447 16.000000
die 0 193.233110 203.209033 0.110619 16.000000
die 0 166.758054 205.317576 -0.037910 16.000000
die 0 157.627484 177.403102 0.039307 16.000000
cup 1 42.200000 66.000000 0.000000 30.200000 0 rot 0.000000 0.000000 0.000000 0.000000 0.000000 0.000000 0.000000 0.000000 0.000000 shadow 30.200000 0.000000 0.000000
cup 2 110.600000 66.000000 0.000000 30.200000 0 rot 0.000000 0.000000 0.000000 0.000000 0.000000 0.000000 0.000000 0.000000 0.000000 shadow 30.200000 0.000000 0.000000
cup 3 179.000000 66.000000 0.000000 30.200000 0 rot 0.000000 0.000000 0.000000 0.000000 0.000000 0.000000 0.000000 0.000000 0.000000 shadow 30.200000 0.000000 0.000000
cup 4 247.400000 66.000000 0.000000 30.200000 0 rot 0.000000 0.000000 0.000000 0.000000 0.000000 0.000000 0.000000 0.000000 0.000000 shadow 30.200000 0.000000 0.000000
cup 5 284.678156 64.766820 30.200000 30.200000 1 rot -0.039593 0.999216 0.000000 0.133229 0.005279 0.991071 0.990294 0.039240 -0.133333 shadow 34.569556 31.121844 1.233180
cup 0 179.000000 186.000000 0.000000 40.937702 0 rot 0.000000 0.000000 0.000000 0.000000 0.000000 0.000000 0.000000 0.000000 0.000000 shadow 40.937702 0.000000 0.000000
case 390 340 wait 2
board topM 8.000000 boardH 220.000000 short 1 d 16.000000 ring 23.137702 myR 40.937702 mcx 179.000000 mcy 186.000000 origin 195.000000 194.000000
cam theta 0.148491 D 570.894912 zoom 1.060000
toScreen -400.000000 -185.949032 0.960442 | -150.000000 42.633637 1.020337 | -40.000000 152.496808 1.049125 | 30.000000 225.696478 1.068305
fromScreen 0.000000 -194.376954 | 70.000000 -122.023104 | 250.000000 52.688653
ring R 36.000000 cy 66.000000 rx 0.000000 ry 0.000000 pad 40 padX 40
seat 1 48.000000 66.000000
name 1 48.000000 116.000000
plate 190.000000 50.000000 160.000000 56.000000
peek 1.274090 -40.937702 8.187540 4.912524
die 1 46.432748 45.268067 0.217254 14.070160
die 1 66.125087 59.246327 0.200309 14.070160
die 1 59.608593 82.415851 -0.237962 14.070160
die 1 34.794349 82.688600 -0.010091 14.070160
die 0 177.629887 163.021764 0.136888 16.000000
die 0 202.313271 180.501581 -0.180447 16.000000
die 0 193.233110 203.209033 0.110619 16.000000
die 0 166.758054 205.317576 -0.037910 16.000000
die 0 157.627484 177.403102 0.039307 16.000000
cup 1 48.000000 66.000000 0.000000 36.000000 0 rot 0.000000 0.000000 0.000000 0.000000 0.000000 0.000000 0.000000 0.000000 0.000000 shadow 36.000000 0.000000 0.000000
cup 0 179.000000 186.000000 0.000000 40.937702 0 rot 0.000000 0.000000 0.000000 0.000000 0.000000 0.000000 0.000000 0.000000 0.000000 shadow 40.937702 0.000000 0.000000
case 390 340 wait 3
board topM 8.000000 boardH 220.000000 short 1 d 16.000000 ring 23.137702 myR 40.937702 mcx 179.000000 mcy 186.000000 origin 195.000000 194.000000
cam theta 0.148491 D 570.894912 zoom 1.060000
toScreen -400.000000 -185.949032 0.960442 | -150.000000 42.633637 1.020337 | -40.000000 152.496808 1.049125 | 30.000000 225.696478 1.068305
fromScreen 0.000000 -194.376954 | 70.000000 -122.023104 | 250.000000 52.688653
ring R 36.000000 cy 66.000000 rx 0.000000 ry 0.000000 pad 40 padX 40
seat 1 48.000000 66.000000
seat 2 128.000000 66.000000
name 1 48.000000 116.000000
name 2 128.000000 116.000000
plate 190.000000 50.000000 160.000000 56.000000
peek 1.274090 -40.937702 8.187540 4.912524
die 1 46.432748 45.268067 0.217254 14.070160
die 1 66.125087 59.246327 0.200309 14.070160
die 1 59.608593 82.415851 -0.237962 14.070160
die 1 34.794349 82.688600 -0.010091 14.070160
die 2 128.424742 45.783861 0.141738 14.070160
die 2 148.053048 59.913547 -0.074788 14.070160
die 2 138.989631 81.971973 0.199457 14.070160
die 2 115.596970 81.725828 -0.125746 14.070160
die 2 108.478503 60.234980 -0.161814 14.070160
die 0 177.629887 163.021764 0.136888 16.000000
die 0 202.313271 180.501581 -0.180447 16.000000
die 0 193.233110 203.209033 0.110619 16.000000
die 0 166.758054 205.317576 -0.037910 16.000000
die 0 157.627484 177.403102 0.039307 16.000000
cup 1 48.000000 66.000000 0.000000 36.000000 0 rot 0.000000 0.000000 0.000000 0.000000 0.000000 0.000000 0.000000 0.000000 0.000000 shadow 36.000000 0.000000 0.000000
cup 2 128.000000 66.000000 0.000000 36.000000 0 rot 0.000000 0.000000 0.000000 0.000000 0.000000 0.000000 0.000000 0.000000 0.000000 shadow 36.000000 0.000000 0.000000
cup 0 179.000000 186.000000 0.000000 40.937702 0 rot 0.000000 0.000000 0.000000 0.000000 0.000000 0.000000 0.000000 0.000000 0.000000 shadow 40.937702 0.000000 0.000000
case 390 340 wait 4
board topM 8.000000 boardH 220.000000 short 1 d 16.000000 ring 23.137702 myR 40.937702 mcx 179.000000 mcy 186.000000 origin 195.000000 194.000000
cam theta 0.148491 D 570.894912 zoom 1.060000
toScreen -400.000000 -185.949032 0.960442 | -150.000000 42.633637 1.020337 | -40.000000 152.496808 1.049125 | 30.000000 225.696478 1.068305
fromScreen 0.000000 -194.376954 | 70.000000 -122.023104 | 250.000000 52.688653
ring R 29.666667 cy 66.000000 rx 0.000000 ry 0.000000 pad 40 padX 40
seat 1 41.666667 66.000000
seat 2 109.000000 66.000000
seat 3 176.333333 66.000000
name 1 41.666667 109.666667
name 2 109.000000 109.666667
name 3 176.333333 109.666667
plate 210.000000 50.000000 140.000000 56.000000
peek 1.274090 -40.937702 8.187540 4.912524
die 1 40.375135 48.915352 0.217254 11.594854
die 1 56.603081 60.434473 0.200309 11.594854
die 1 51.233007 79.527877 -0.237962 11.594854
die 1 30.784232 79.752643 -0.010091 11.594854
die 2 109.350019 49.340404 0.141738 11.594854
die 2 125.525197 60.984312 -0.074788 11.594854
die 2 118.056270 79.162089 0.199457 11.594854
die 2 98.778985 78.959247 -0.125746 11.594854
die 2 92.912840 61.249196 -0.161814 11.594854
die 3 175.000326 49.031580 -0.026500 11.594854
die 3 193.126287 61.847078 0.152391 11.594854
die 3 185.702710 79.285075 -0.046240 11.594854
die 0 177.629887 163.021764 0.136888 16.000000
die 0 202.313271 180.501581 -0.180447 16.000000
die 0 193.233110 203.209033 0.110619 16.000000
die 0 166.758054 205.317576 -0.037910 16.000000
die 0 157.627484 177.403102 0.039307 16.000000
cup 1 41.666667 66.000000 0.000000 29.666667 0 rot 0.000000 0.000000 0.000000 0.000000 0.000000 0.000000 0.000000 0.000000 0.000000 shadow 29.666667 0.000000 0.000000
cup 2 109.000000 66.000000 0.000000 29.666667 0 rot 0.000000 0.000000 0.000000 0.000000 0.000000 0.000000 0.000000 0.000000 0.000000 shadow 29.666667 0.000000 0.000000
cup 3 176.333333 66.000000 0.000000 29.666667 0 rot 0.000000 0.000000 0.000000 0.000000 0.000000 0.000000 0.000000 0.000000 0.000000 shadow 29.666667 0.000000 0.000000
cup 0 179.000000 186.000000 0.000000 40.937702 0 rot 0.000000 0.000000 0.000000 0.000000 0.000000 0.000000 0.000000 0.000000 0.000000 shadow 40.937702 0.000000 0.000000
case 390 340 wait 5
board topM 8.000000 boardH 220.000000 short 1 d 16.000000 ring 23.137702 myR 40.937702 mcx 179.000000 mcy 186.000000 origin 195.000000 194.000000
cam theta 0.148491 D 570.894912 zoom 1.060000
toScreen -400.000000 -185.949032 0.960442 | -150.000000 42.633637 1.020337 | -40.000000 152.496808 1.049125 | 30.000000 225.696478 1.068305
fromScreen 0.000000 -194.376954 | 70.000000 -122.023104 | 250.000000 52.688653
ring R 36.000000 cy 66.000000 rx 0.000000 ry 0.000000 pad 40 padX 40
seat 1 48.000000 66.000000
seat 2 128.000000 66.000000
seat 3 208.000000 66.000000
seat 4 288.000000 66.000000
name 1 48.000000 116.000000
name 2 128.000000 116.000000
name 3 208.000000 116.000000
name 4 288.000000 116.000000
plate none
peek 1.274090 -40.937702 8.187540 4.912524
die 1 46.432748 45.268067 0.217254 14.070160
die 1 66.125087 59.246327 0.200309 14.070160
die 1 59.608593 82.415851 -0.237962 14.070160
die 1 34.794349 82.688600 -0.010091 14.070160
die 2 128.424742 45.783861 0.141738 14.070160
die 2 148.053048 59.913547 -0.074788 14.070160
die 2 138.989631 81.971973 0.199457 14.070160
die 2 115.596970 81.725828 -0.125746 14.070160
die 2 108.478503 60.234980 -0.161814 14.070160
die 3 206.382418 45.409108 -0.026500 14.070160
die 3 228.377967 60.960500 0.152391 14.070160
die 3 219.369581 82.121215 -0.046240 14.070160
die 4 288.595103 45.765606 -0.199898 14.070160
die 4 307.157978 60.270020 -0.111909 14.070160
die 4 298.937495 82.297997 0.018314 14.070160
die 4 276.724209 82.840569 -0.121758 14.070160
die 4 269.716289 59.024865 0.023922 14.070160
die 0 177.629887 163.021764 0.136888 16.000000
die 0 202.313271 180.501581 -0.180447 16.000000
die 0 193.233110 203.209033 0.110619 16.000000
die 0 166.758054 205.317576 -0.037910 16.000000
die 0 157.627484 177.403102 0.039307 16.000000
cup 1 48.000000 66.000000 0.000000 36.000000 0 rot 0.000000 0.000000 0.000000 0.000000 0.000000 0.000000 0.000000 0.000000 0.000000 shadow 36.000000 0.000000 0.000000
cup 2 128.000000 66.000000 0.000000 36.000000 0 rot 0.000000 0.000000 0.000000 0.000000 0.000000 0.000000 0.000000 0.000000 0.000000 shadow 36.000000 0.000000 0.000000
cup 3 208.000000 66.000000 0.000000 36.000000 0 rot 0.000000 0.000000 0.000000 0.000000 0.000000 0.000000 0.000000 0.000000 0.000000 shadow 36.000000 0.000000 0.000000
cup 4 288.000000 66.000000 0.000000 36.000000 0 rot 0.000000 0.000000 0.000000 0.000000 0.000000 0.000000 0.000000 0.000000 0.000000 shadow 36.000000 0.000000 0.000000
cup 0 179.000000 186.000000 0.000000 40.937702 0 rot 0.000000 0.000000 0.000000 0.000000 0.000000 0.000000 0.000000 0.000000 0.000000 shadow 40.937702 0.000000 0.000000
case 390 340 wait 6
board topM 8.000000 boardH 220.000000 short 1 d 16.000000 ring 23.137702 myR 40.937702 mcx 179.000000 mcy 186.000000 origin 195.000000 194.000000
cam theta 0.148491 D 570.894912 zoom 1.060000
toScreen -400.000000 -185.949032 0.960442 | -150.000000 42.633637 1.020337 | -40.000000 152.496808 1.049125 | 30.000000 225.696478 1.068305
fromScreen 0.000000 -194.376954 | 70.000000 -122.023104 | 250.000000 52.688653
ring R 30.200000 cy 66.000000 rx 0.000000 ry 0.000000 pad 40 padX 40
seat 1 42.200000 66.000000
seat 2 110.600000 66.000000
seat 3 179.000000 66.000000
seat 4 247.400000 66.000000
seat 5 315.800000 66.000000
name 1 42.200000 110.200000
name 2 110.600000 110.200000
name 3 179.000000 110.200000
name 4 247.400000 110.200000
name 5 315.800000 110.200000
plate none
peek 1.274090 -40.937702 8.187540 4.912524
die 1 40.885250 48.608212 0.217254 11.803301
die 1 57.404934 60.334418 0.200309 11.803301
die 1 51.938320 79.771075 -0.237962 11.803301
die 1 31.121926 79.999881 -0.010091 11.803301
die 2 110.956311 49.040905 0.141738 11.803301
die 2 127.422279 60.894142 -0.074788 11.803301
die 2 119.819080 79.398711 0.199457 11.803301
die 2 100.195236 79.192222 -0.125746 11.803301
die 2 94.223633 61.163789 -0.161814 11.803301
die 3 177.643029 48.726530 -0.026500 11.803301
die 3 196.094850 61.772419 0.152391 11.803301
die 3 188.537815 79.523908 -0.046240 11.803301
die 4 247.899226 49.025592 -0.199898 11.803301
die 4 263.471415 61.193183 -0.111909 11.803301
die 4 256.575343 79.672209 0.018314 11.803301
die 4 237.940864 80.127366 -0.121758 11.803301
die 4 232.061998 60.148637 0.023922 11.803301
die 0 177.629887 163.021764 0.136888 16.000000
die 0 202.313271 180.501581 -0.180447 16.000000
die 0 193.233110 203.209033 0.110619 16.000000
die 0 166.758054 205.317576 -0.037910 16.000000
die 0 157.627484 177.403102 0.039307 16.000000
cup 1 42.200000 66.000000 0.000000 30.200000 0 rot 0.000000 0.000000 0.000000 0.000000 0.000000 0.000000 0.000000 0.000000 0.000000 shadow 30.200000 0.000000 0.000000
cup 2 110.600000 66.000000 0.000000 30.200000 0 rot 0.000000 0.000000 0.000000 0.000000 0.000000 0.000000 0.000000 0.000000 0.000000 shadow 30.200000 0.000000 0.000000
cup 3 179.000000 66.000000 0.000000 30.200000 0 rot 0.000000 0.000000 0.000000 0.000000 0.000000 0.000000 0.000000 0.000000 0.000000 shadow 30.200000 0.000000 0.000000
cup 4 247.400000 66.000000 0.000000 30.200000 0 rot 0.000000 0.000000 0.000000 0.000000 0.000000 0.000000 0.000000 0.000000 0.000000 shadow 30.200000 0.000000 0.000000
cup 5 284.678156 64.766820 30.200000 30.200000 1 rot -0.039593 0.999216 0.000000 0.133229 0.005279 0.991071 0.990294 0.039240 -0.133333 shadow 34.569556 31.121844 1.233180
cup 0 179.000000 186.000000 0.000000 40.937702 0 rot 0.000000 0.000000 0.000000 0.000000 0.000000 0.000000 0.000000 0.000000 0.000000 shadow 40.937702 0.000000 0.000000
case 390 718 table 2
board topM 30.000000 boardH 576.000000 short 0 d 24.000000 ring 34.706553 myR 58.906553 mcx 179.000000 mcy 490.000000 origin 195.000000 520.000000
cam theta 0.354210 D 619.792998 zoom 1.060000
toScreen -400.000000 195.059005 0.866120 | -150.000000 382.419502 0.977911 | -40.000000 481.102857 1.036792 | 30.000000 550.335173 1.078100
fromScreen 0.000000 -739.483605 | 70.000000 -606.169294 | 250.000000 -320.247236
ring R 58.906553 cy 311.035831 rx 358.000000 ry 178.964169 pad 258 padX 0
seat 1 179.000000 132.071662
name 1 179.000000 204.978215
plate none
peek 0.994838 -58.906553 11.781311 7.068786
die 1 176.326679 96.708426 0.217254 24.000000
die 1 209.916641 120.551668 0.200309 24.000000
die 1 198.801214 160.072797 -0.237962 24.000000
die 1 156.474625 160.538035 -0.010091 24.000000
die 0 176.944831 455.532646 0.136888 24.000000
die 0 213.969907 481.752372 -0.180447 24.000000
die 0 200.349665 515.813550 0.110619 24.000000
die 0 160.637081 518.976364 -0.037910 24.000000
die 0 146.941226 477.104653 0.039307 24.000000
cup 1 179.000000 132.071662 0.000000 58.906553 0 rot 0.000000 0.000000 0.000000 0.000000 0.000000 0.000000 0.000000 0.000000 0.000000 shadow 58.906553 0.000000 0.000000
cup 0 179.000000 490.000000 0.000000 58.906553 0 rot 0.000000 0.000000 0.000000 0.000000 0.000000 0.000000 0.000000 0.000000 0.000000 shadow 58.906553 0.000000 0.000000
case 390 718 table 3
board topM 30.000000 boardH 576.000000 short 0 d 24.000000 ring 34.706553 myR 58.906553 mcx 179.000000 mcy 490.000000 origin 195.000000 520.000000
cam theta 0.354210 D 619.792998 zoom 1.060000
toScreen -400.000000 195.059005 0.866120 | -150.000000 382.419502 0.977911 | -40.000000 481.102857 1.036792 | 30.000000 550.335173 1.078100
fromScreen 0.000000 -739.483605 | 70.000000 -606.169294 | 250.000000 -320.247236
ring R 58.906553 cy 251.381108 rx 159.990862 ry 238.618892 pad 258 padX 88
seat 1 40.443850 132.071662
seat 2 317.556150 132.071662
name 1 40.443850 204.978215
name 2 317.556150 204.978215
plate none
peek 0.994838 -58.906553 11.781311 7.068786
die 1 37.770529 96.708426 0.217254 24.000000
die 1 71.360491 120.551668 0.200309 24.000000
die 1 60.245063 160.072797 -0.237962 24.000000
die 1 17.918475 160.538035 -0.010091 24.000000
die 2 318.280649 97.588234 0.141738 24.000000
die 2 351.761388 121.689770 -0.074788 24.000000
die 2 336.301578 159.315657 0.199457 24.000000
die 2 296.399837 158.895798 -0.125746 24.000000
die 2 284.257599 122.238051 -0.161814 24.000000
die 0 176.944831 455.532646 0.136888 24.000000
die 0 213.969907 481.752372 -0.180447 24.000000
die 0 200.349665 515.813550 0.110619 24.000000
die 0 160.637081 518.976364 -0.037910 24.000000
die 0 146.941226 477.104653 0.039307 24.000000
cup 1 40.443850 132.071662 0.000000 58.906553 0 rot 0.000000 0.000000 0.000000 0.000000 0.000000 0.000000 0.000000 0.000000 0.000000 shadow 58.906553 0.000000 0.000000
cup 2 317.556150 132.071662 0.000000 58.906553 0 rot 0.000000 0.000000 0.000000 0.000000 0.000000 0.000000 0.000000 0.000000 0.000000 shadow 58.906553 0.000000 0.000000
cup 0 179.000000 490.000000 0.000000 58.906553 0 rot 0.000000 0.000000 0.000000 0.000000 0.000000 0.000000 0.000000 0.000000 0.000000 shadow 58.906553 0.000000 0.000000
case 390 718 table 4
board topM 30.000000 boardH 576.000000 short 0 d 24.000000 ring 34.706553 myR 58.906553 mcx 179.000000 mcy 490.000000 origin 195.000000 520.000000
cam theta 0.354210 D 619.792998 zoom 1.060000
toScreen -400.000000 195.059005 0.866120 | -150.000000 382.419502 0.977911 | -40.000000 481.102857 1.036792 | 30.000000 550.335173 1.078100
fromScreen 0.000000 -739.483605 | 70.000000 -606.169294 | 250.000000 -320.247236
ring R 58.906553 cy 311.035831 rx 120.698848 ry 178.964169 pad 258 padX 70
seat 1 58.301152 311.035831
seat 2 179.000000 132.071662
seat 3 299.698848 311.035831
name 1 58.301152 383.942384
name 2 179.000000 204.978215
name 3 299.698848 383.942384
plate none
peek 0.994838 -58.906553 11.781311 7.068786
die 1 55.627832 275.672595 0.217254 24.000000
die 1 89.217794 299.515837 0.200309 24.000000
die 1 78.102366 339.036965 -0.237962 24.000000
die 1 35.775778 339.502204 -0.010091 24.000000
die 2 179.724498 97.588234 0.141738 24.000000
die 2 213.205237 121.689770 -0.074788 24.000000
die 2 197.745427 159.315657 0.199457 24.000000
die 2 157.843686 158.895798 -0.125746 24.000000
die 2 145.701449 122.238051 -0.161814 24.000000
die 3 296.939678 275.913173 -0.026500 24.000000
die 3 334.458311 302.439766 0.152391 24.000000
die 3 319.092369 338.534394 -0.046240 24.000000
die 0 176.944831 455.532646 0.136888 24.000000
die 0 213.969907 481.752372 -0.180447 24.000000
die 0 200.349665 515.813550 0.110619 24.000000
die 0 160.637081 518.976364 -0.037910 24.000000
die 0 146.941226 477.104653 0.039307 24.000000
cup 1 58.301152 311.035831 0.000000 58.906553 0 rot 0.000000 0.000000 0.000000 0.000000 0.000000 0.000000 0.000000 0.000000 0.000000 shadow 58.906553 0.000000 0.000000
cup 2 179.000000 132.071662 0.000000 58.906553 0 rot 0.000000 0.000000 0.000000 0.000000 0.000000 0.000000 0.000000 0.000000 0.000000 shadow 58.906553 0.000000 0.000000
cup 3 299.698848 311.035831 0.000000 58.906553 0 rot 0.000000 0.000000 0.000000 0.000000 0.000000 0.000000 0.000000 0.000000 0.000000 shadow 58.906553 0.000000 0.000000
cup 0 179.000000 490.000000 0.000000 58.906553 0 rot 0.000000 0.000000 0.000000 0.000000 0.000000 0.000000 0.000000 0.000000 0.000000 shadow 58.906553 0.000000 0.000000
case 390 718 table 5
board topM 30.000000 boardH 576.000000 short 0 d 24.000000 ring 34.706553 myR 58.906553 mcx 179.000000 mcy 490.000000 origin 195.000000 520.000000
cam theta 0.354210 D 619.792998 zoom 1.060000
toScreen -400.000000 195.059005 0.866120 | -150.000000 382.419502 0.977911 | -40.000000 481.102857 1.036792 | 30.000000 550.335173 1.078100
fromScreen 0.000000 -739.483605 | 70.000000 -606.169294 | 250.000000 -320.247236
ring R 58.906553 cy 292.142081 rx 122.477800 ry 197.857919 pad 258 padX 66
seat 1 62.516690 353.283541
seat 2 107.009355 132.071662
seat 3 250.990645 132.071662
seat 4 295.483310 353.283541
name 1 62.516690 426.190093
name 2 107.009355 204.978215
name 3 250.990645 204.978215
name 4 295.483310 426.190093
plate none
peek 0.994838 -58.906553 11.781311 7.068786
die 1 59.843369 317.920304 0.217254 24.000000
die 1 93.433331 341.763546 0.200309 24.000000
die 1 82.317903 381.284675 -0.237962 24.000000
die 1 39.991315 381.749913 -0.010091 24.000000
die 2 107.733854 97.588234 0.141738 24.000000
die 2 141.214592 121.689770 -0.074788 24.000000
die 2 125.754782 159.315657 0.199457 24.000000
die 2 85.853042 158.895798 -0.125746 24.000000
die 2 73.710804 122.238051 -0.161814 24.000000
die 3 248.231475 96.949004 -0.026500 24.000000
die 3 285.750109 123.475597 0.152391 24.000000
die 3 270.384166 159.570225 -0.046240 24.000000
die 4 296.498400 318.768974 -0.199898 24.000000
die 4 328.161794 343.509697 -0.111909 24.000000
die 4 314.139807 381.083647 0.018314 24.000000
die 4 276.249769 382.009133 -0.121758 24.000000
die 4 264.296097 341.385790 0.023922 24.000000
die 0 176.944831 455.532646 0.136888 24.000000
die 0 213.969907 481.752372 -0.180447 24.000000
die 0 200.349665 515.813550 0.110619 24.000000
die 0 160.637081 518.976364 -0.037910 24.000000
die 0 146.941226 477.104653 0.039307 24.000000
cup 1 62.516690 353.283541 0.000000 58.906553 0 rot 0.000000 0.000000 0.000000 0.000000 0.000000 0.000000 0.000000 0.000000 0.000000 shadow 58.906553 0.000000 0.000000
cup 2 107.009355 132.071662 0.000000 58.906553 0 rot 0.000000 0.000000 0.000000 0.000000 0.000000 0.000000 0.000000 0.000000 0.000000 shadow 58.906553 0.000000 0.000000
cup 3 250.990645 132.071662 0.000000 58.906553 0 rot 0.000000 0.000000 0.000000 0.000000 0.000000 0.000000 0.000000 0.000000 0.000000 shadow 58.906553 0.000000 0.000000
cup 4 295.483310 353.283541 0.000000 58.906553 0 rot 0.000000 0.000000 0.000000 0.000000 0.000000 0.000000 0.000000 0.000000 0.000000 shadow 58.906553 0.000000 0.000000
cup 0 179.000000 490.000000 0.000000 58.906553 0 rot 0.000000 0.000000 0.000000 0.000000 0.000000 0.000000 0.000000 0.000000 0.000000 shadow 58.906553 0.000000 0.000000
case 390 718 table 6
board topM 30.000000 boardH 576.000000 short 0 d 24.000000 ring 34.706553 myR 58.906553 mcx 179.000000 mcy 490.000000 origin 195.000000 520.000000
cam theta 0.354210 D 619.792998 zoom 1.060000
toScreen -400.000000 195.059005 0.866120 | -150.000000 382.419502 0.977911 | -40.000000 481.102857 1.036792 | 30.000000 550.335173 1.078100
fromScreen 0.000000 -739.483605 | 70.000000 -606.169294 | 250.000000 -320.247236
ring R 42.906553 cy 278.786009 rx 154.586051 ry 211.213991 pad 258 padX 49
seat 1 45.124552 384.393005
seat 2 45.124552 173.179014
seat 3 179.000000 67.572018
seat 4 312.875448 173.179014
seat 5 273.732717 384.393005
name 1 45.124552 441.299558
name 2 45.124552 230.085567
name 3 179.000000 124.478571
name 4 312.875448 230.085567
name 5 273.732717 441.299558
plate none
peek 0.994838 -58.906553 11.781311 7.068786
die 1 43.177350 358.635011 0.217254 17.481201
die 1 67.643720 376.002032 0.200309 17.481201
die 1 59.547427 404.788565 -0.237962 17.481201
die 1 28.717444 405.127437 -0.010091 17.481201
die 2 45.652265 148.061858 0.141738 17.481201
die 2 70.039078 165.617016 -0.074788 17.481201
die 2 58.778410 193.023086 0.199457 17.481201
die 2 29.714646 192.717267 -0.125746 17.481201
die 2 20.870442 166.016375 -0.161814 17.481201
die 3 176.990267 41.989258 -0.026500 17.481201
die 3 204.318215 61.310787 0.152391 17.481201
die 3 193.125918 87.601513 -0.046240 17.481201
die 4 313.614822 148.039178 -0.199898 17.481201
die 4 336.677911 166.059909 -0.111909 17.481201
die 4 326.464529 193.428148 0.018314 17.481201
die 4 298.866057 194.102257 -0.121758 17.481201
die 4 290.159201 164.512890 0.023922 17.481201
die 0 176.944831 455.532646 0.136888 24.000000
die 0 213.969907 481.752372 -0.180447 24.000000
die 0 200.349665 515.813550 0.110619 24.000000
die 0 160.637081 518.976364 -0.037910 24.000000
die 0 146.941226 477.104653 0.039307 24.000000
cup 1 45.124552 384.393005 0.000000 42.906553 0 rot 0.000000 0.000000 0.000000 0.000000 0.000000 0.000000 0.000000 0.000000 0.000000 shadow 42.906553 0.000000 0.000000
cup 2 45.124552 173.179014 0.000000 42.906553 0 rot 0.000000 0.000000 0.000000 0.000000 0.000000 0.000000 0.000000 0.000000 0.000000 shadow 42.906553 0.000000 0.000000
cup 3 179.000000 67.572018 0.000000 42.906553 0 rot 0.000000 0.000000 0.000000 0.000000 0.000000 0.000000 0.000000 0.000000 0.000000 shadow 42.906553 0.000000 0.000000
cup 4 312.875448 173.179014 0.000000 42.906553 0 rot 0.000000 0.000000 0.000000 0.000000 0.000000 0.000000 0.000000 0.000000 0.000000 shadow 42.906553 0.000000 0.000000
cup 5 229.516457 382.640967 42.906553 42.906553 1 rot -0.039593 0.999216 0.000000 0.133229 0.005279 0.991071 0.990294 0.039240 -0.133333 shadow 49.114586 44.216260 1.752037
cup 0 179.000000 490.000000 0.000000 58.906553 0 rot 0.000000 0.000000 0.000000 0.000000 0.000000 0.000000 0.000000 0.000000 0.000000 shadow 58.906553 0.000000 0.000000
case 390 718 wait 2
board topM 30.000000 boardH 676.000000 short 0 d 24.000000 ring 34.706553 myR 58.906553 mcx 179.000000 mcy 590.000000 origin 195.000000 620.000000
cam theta 0.403985 D 635.578760 zoom 1.060000
toScreen -400.000000 307.451876 0.849776 | -150.000000 486.210903 0.970012 | -40.000000 581.954332 1.034410 | 30.000000 649.792934 1.080039
fromScreen 0.000000 -1048.677747 | 70.000000 -866.805731 | 250.000000 -496.086230
ring R 58.906553 cy 314.798573 rx 358.000000 ry 275.201427 pad 467 padX 0
seat 1 179.000000 39.597145
name 1 179.000000 112.503698
plate none
peek 0.959931 -58.906553 11.781311 7.068786
die 1 176.326679 4.233909 0.217254 24.000000
die 1 209.916641 28.077151 0.200309 24.000000
die 1 198.801214 67.598280 -0.237962 24.000000
die 1 156.474625 68.063518 -0.010091 24.000000
die 0 176.944831 555.532646 0.136888 24.000000
die 0 213.969907 581.752372 -0.180447 24.000000
die 0 200.349665 615.813550 0.110619 24.000000
die 0 160.637081 618.976364 -0.037910 24.000000
die 0 146.941226 577.104653 0.039307 24.000000
cup 1 179.000000 39.597145 0.000000 58.906553 0 rot 0.000000 0.000000 0.000000 0.000000 0.000000 0.000000 0.000000 0.000000 0.000000 shadow 58.906553 0.000000 0.000000
cup 0 179.000000 590.000000 0.000000 58.906553 0 rot 0.000000 0.000000 0.000000 0.000000 0.000000 0.000000 0.000000 0.000000 0.000000 shadow 58.906553 0.000000 0.000000
case 390 718 wait 3
board topM 30.000000 boardH 676.000000 short 0 d 24.000000 ring 34.706553 myR 58.906553 mcx 179.000000 mcy 590.000000 origin 195.000000 620.000000
cam theta 0.403985 D 635.578760 zoom 1.060000
toScreen -400.000000 307.451876 0.849776 | -150.000000 486.210903 0.970012 | -40.000000 581.954332 1.034410 | 30.000000 649.792934 1.080039
fromScreen 0.000000 -1048.677747 | 70.000000 -866.805731 | 250.000000 -496.086230
ring R 58.906553 cy 223.064763 rx 190.590277 ry 366.935237 pad 467 padX 114
seat 1 13.943979 39.597145
seat 2 344.056021 39.597145
name 1 13.943979 112.503698
name 2 344.056021 112.503698
plate none
peek 0.959931 -58.906553 11.781311 7.068786
die 1 11.270658 4.233909 0.217254 24.000000
die 1 44.860620 28.077151 0.200309 24.000000
die 1 33.745192 67.598280 -0.237962 24.000000
die 1 -8.581396 68.063518 -0.010091 24.000000
die 2 344.780520 5.113717 0.141738 24.000000
die 2 378.261258 29.215253 -0.074788 24.000000
die 2 362.801449 66.841140 0.199457 24.000000
die 2 322.899708 66.421281 -0.125746 24.000000
die 2 310.757470 29.763534 -0.161814 24.000000
die 0 176.944831 555.532646 0.136888 24.000000
die 0 213.969907 581.752372 -0.180447 24.000000
die 0 200.349665 615.813550 0.110619 24.000000
die 0 160.637081 618.976364 -0.037910 24.000000
die 0 146.941226 577.104653 0.039307 24.000000
cup 1 13.943979 39.597145 0.000000 58.906553 0 rot 0.000000 0.000000 0.000000 0.000000 0.000000 0.000000 0.000000 0.000000 0.000000 shadow 58.906553 0.000000 0.000000
cup 2 344.056021 39.597145 0.000000 58.906553 0 rot 0.000000 0.000000 0.000000 0.000000 0.000000 0.000000 0.000000 0.000000 0.000000 shadow 58.906553 0.000000 0.000000
cup 0 179.000000 590.000000 0.000000 58.906553 0 rot 0.000000 0.000000 0.000000 0.000000 0.000000 0.000000 0.000000 0.000000 0.000000 shadow 58.906553 0.000000 0.000000
case 390 718 wait 4
board topM 30.000000 boardH 676.000000 short 0 d 24.000000 ring 34.706553 myR 58.906553 mcx 179.000000 mcy 590.000000 origin 195.000000 620.000000
cam theta 0.403985 D 635.578760 zoom 1.060000
toScreen -400.000000 307.451876 0.849776 | -150.000000 486.210903 0.970012 | -40.000000 581.954332 1.034410 | 30.000000 649.792934 1.080039
fromScreen 0.000000 -1048.677747 | 70.000000 -866.805731 | 250.000000 -496.086230
ring R 58.906553 cy 320.583233 rx 134.708383 ry 269.416767 pad 467 padX 84
seat 1 44.291617 320.583233
seat 2 179.000000 51.166466
seat 3 313.708383 320.583233
name 1 44.291617 393.489786
name 2 179.000000 124.073019
name 3 313.708383 393.489786
plate none
peek 0.959931 -58.906553 11.781311 7.068786
die 1 41.618296 285.219997 0.217254 24.000000
die 1 75.208258 309.063239 0.200309 24.000000
die 1 64.092830 348.584367 -0.237962 24.000000
die 1 21.766242 349.049606 -0.010091 24.000000
die 2 179.724498 16.683037 0.141738 24.000000
die 2 213.205237 40.784574 -0.074788 24.000000
die 2 197.745427 78.410461 0.199457 24.000000
die 2 157.843686 77.990601 -0.125746 24.000000
die 2 145.701449 41.332855 -0.161814 24.000000
die 3 310.949214 285.460575 -0.026500 24.000000
die 3 348.467847 311.987168 0.152391 24.000000
die 3 333.101905 348.081795 -0.046240 24.000000
die 0 176.944831 555.532646 0.136888 24.000000
die 0 213.969907 581.752372 -0.180447 24.000000
die 0 200.349665 615.813550 0.110619 24.000000
die 0 160.637081 618.976364 -0.037910 24.000000
die 0 146.941226 577.104653 0.039307 24.000000
cup 1 44.291617 320.583233 0.000000 58.906553 0 rot 0.000000 0.000000 0.000000 0.000000 0.000000 0.000000 0.000000 0.000000 0.000000 shadow 58.906553 0.000000 0.000000
cup 2 179.000000 51.166466 0.000000 58.906553 0 rot 0.000000 0.000000 0.000000 0.000000 0.000000 0.000000 0.000000 0.000000 0.000000 shadow 58.906553 0.000000 0.000000
cup 3 313.708383 320.583233 0.000000 58.906553 0 rot 0.000000 0.000000 0.000000 0.000000 0.000000 0.000000 0.000000 0.000000 0.000000 shadow 58.906553 0.000000 0.000000
cup 0 179.000000 590.000000 0.000000 58.906553 0 rot 0.000000 0.000000 0.000000 0.000000 0.000000 0.000000 0.000000 0.000000 0.000000 shadow 58.906553 0.000000 0.000000
case 390 718 wait 5
board topM 30.000000 boardH 676.000000 short 0 d 24.000000 ring 34.706553 myR 58.906553 mcx 179.000000 mcy 590.000000 origin 195.000000 620.000000
cam theta 0.403985 D 635.578760 zoom 1.060000
toScreen -400.000000 307.451876 0.849776 | -150.000000 486.210903 0.970012 | -40.000000 581.954332 1.034410 | 30.000000 649.792934 1.080039
fromScreen 0.000000 -1048.677747 | 70.000000 -866.805731 | 250.000000 -496.086230
ring R 58.906553 cy 321.784020 rx 134.107990 ry 268.215980 pad 467 padX 77
seat 1 51.455722 404.667316
seat 2 100.173301 104.792733
seat 3 257.826699 104.792733
seat 4 306.544278 404.667316
name 1 51.455722 477.573869
name 2 100.173301 177.699286
name 3 257.826699 177.699286
name 4 306.544278 477.573869
plate none
peek 0.959931 -58.906553 11.781311 7.068786
die 1 48.782401 369.304079 0.217254 24.000000
die 1 82.372363 393.147321 0.200309 24.000000
die 1 71.256936 432.668450 -0.237962 24.000000
die 1 28.930347 433.133688 -0.010091 24.000000
die 2 100.897799 70.309305 0.141738 24.000000
die 2 134.378538 94.410842 -0.074788 24.000000
die 2 118.918728 132.036728 0.199457 24.000000
die 2 79.016987 131.616869 -0.125746 24.000000
die 2 66.874750 94.959122 -0.161814 24.000000
die 3 255.067529 69.670075 -0.026500 24.000000
die 3 292.586163 96.196668 0.152391 24.000000
die 3 277.220220 132.291296 -0.046240 24.000000
die 4 307.559368 370.152749 -0.199898 24.000000
die 4 339.222761 394.893473 -0.111909 24.000000
die 4 325.200775 432.467422 0.018314 24.000000
die 4 287.310737 433.392908 -0.121758 24.000000
die 4 275.357065 392.769565 0.023922 24.000000
die 0 176.944831 555.532646 0.136888 24.000000
die 0 213.969907 581.752372 -0.180447 24.000000
die 0 200.349665 615.813550 0.110619 24.000000
die 0 160.637081 618.976364 -0.037910 24.000000
die 0 146.941226 577.104653 0.039307 24.000000
cup 1 51.455722 404.667316 0.000000 58.906553 0 rot 0.000000 0.000000 0.000000 0.000000 0.000000 0.000000 0.000000 0.000000 0.000000 shadow 58.906553 0.000000 0.000000
cup 2 100.173301 104.792733 0.000000 58.906553 0 rot 0.000000 0.000000 0.000000 0.000000 0.000000 0.000000 0.000000 0.000000 0.000000 shadow 58.906553 0.000000 0.000000
cup 3 257.826699 104.792733 0.000000 58.906553 0 rot 0.000000 0.000000 0.000000 0.000000 0.000000 0.000000 0.000000 0.000000 0.000000 shadow 58.906553 0.000000 0.000000
cup 4 306.544278 404.667316 0.000000 58.906553 0 rot 0.000000 0.000000 0.000000 0.000000 0.000000 0.000000 0.000000 0.000000 0.000000 shadow 58.906553 0.000000 0.000000
cup 0 179.000000 590.000000 0.000000 58.906553 0 rot 0.000000 0.000000 0.000000 0.000000 0.000000 0.000000 0.000000 0.000000 0.000000 shadow 58.906553 0.000000 0.000000
case 390 718 wait 6
board topM 30.000000 boardH 676.000000 short 0 d 24.000000 ring 34.706553 myR 58.906553 mcx 179.000000 mcy 590.000000 origin 195.000000 620.000000
cam theta 0.403985 D 635.578760 zoom 1.060000
toScreen -400.000000 307.451876 0.849776 | -150.000000 486.210903 0.970012 | -40.000000 581.954332 1.034410 | 30.000000 649.792934 1.080039
fromScreen 0.000000 -1048.677747 | 70.000000 -866.805731 | 250.000000 -496.086230
ring R 50.906553 cy 294.294101 rx 150.927379 ry 295.705899 pad 467 padX 63
seat 1 48.293055 442.147050
seat 2 48.293055 146.441151
seat 3 179.000000 -1.411799
seat 4 309.706945 146.441151
seat 5 262.174687 442.147050
name 1 48.293055 507.053603
name 2 48.293055 211.347704
name 3 179.000000 63.494754
name 4 309.706945 211.347704
name 5 262.174687 507.053603
plate none
peek 0.959931 -58.906553 11.781311 7.068786
die 1 45.982794 411.586436 0.217254 20.740600
die 1 75.010960 432.191567 0.200309 20.740600
die 1 65.405099 466.345398 -0.237962 20.740600
die 1 28.826814 466.747453 -0.010091 20.740600
die 2 48.919161 116.640859 0.141738 20.740600
die 2 77.852937 137.469207 -0.074788 20.740600
die 2 64.492698 169.985185 0.199457 20.740600
die 2 30.009945 169.622346 -0.125746 20.740600
die 2 19.516724 137.943026 -0.161814 20.740600
die 3 176.615548 -31.764508 -0.026500 20.740600
die 3 209.038839 -8.840447 0.152391 20.740600
die 3 195.759720 22.352230 -0.046240 20.740600
die 4 310.584177 116.613950 -0.199898 20.740600
die 4 337.947418 137.994677 -0.111909 20.740600
die 4 325.829734 170.465772 0.018314 20.740600
die 4 293.085479 171.265569 -0.121758 20.740600
die 4 282.755215 136.159214 0.023922 20.740600
die 0 176.944831 555.532646 0.136888 24.000000
die 0 213.969907 581.752372 -0.180447 24.000000
die 0 200.349665 615.813550 0.110619 24.000000
die 0 160.637081 618.976364 -0.037910 24.000000
die 0 146.941226 577.104653 0.039307 24.000000
cup 1 48.293055 442.147050 0.000000 50.906553 0 rot 0.000000 0.000000 0.000000 0.000000 0.000000 0.000000 0.000000 0.000000 0.000000 shadow 50.906553 0.000000 0.000000
cup 2 48.293055 146.441151 0.000000 50.906553 0 rot 0.000000 0.000000 0.000000 0.000000 0.000000 0.000000 0.000000 0.000000 0.000000 shadow 50.906553 0.000000 0.000000
cup 3 179.000000 -1.411799 0.000000 50.906553 0 rot 0.000000 0.000000 0.000000 0.000000 0.000000 0.000000 0.000000 0.000000 0.000000 shadow 50.906553 0.000000 0.000000
cup 4 309.706945 146.441151 0.000000 50.906553 0 rot 0.000000 0.000000 0.000000 0.000000 0.000000 0.000000 0.000000 0.000000 0.000000 shadow 50.906553 0.000000 0.000000
cup 5 209.714229 440.068343 50.906553 50.906553 1 rot -0.039593 0.999216 0.000000 0.133229 0.005279 0.991071 0.990294 0.039240 -0.133333 shadow 58.272084 52.460457 2.078707
cup 0 179.000000 590.000000 0.000000 58.906553 0 rot 0.000000 0.000000 0.000000 0.000000 0.000000 0.000000 0.000000 0.000000 0.000000 shadow 58.906553 0.000000 0.000000
case 375 541 table 2
board topM 30.000000 boardH 399.000000 short 0 d 24.000000 ring 34.706553 myR 58.906553 mcx 171.500000 mcy 313.000000 origin 187.500000 343.000000
cam theta 0.260137 D 595.880292 zoom 1.060000
toScreen -400.000000 -6.405841 0.903927 | -150.000000 198.693121 0.995541 | -40.000000 302.721997 1.042009 | 30.000000 374.133245 1.073907
fromScreen 0.000000 -391.427535 | 70.000000 -301.159865 | 250.000000 -94.493704
ring R 48.906553 cy 231.379890 rx 343.000000 ry 81.620110 pad 87 padX 0
seat 1 171.500000 149.759781
name 1 171.500000 212.666334
plate none
peek 1.082104 -58.906553 11.781311 7.068786
die 1 169.280503 120.399821 0.217254 19.925750
die 1 197.168220 140.195425 0.200309 19.925750
die 1 187.939752 173.007431 -0.237962 19.925750
die 1 152.798542 173.393690 -0.010091 19.925750
die 0 169.444831 278.532646 0.136888 24.000000
die 0 206.469907 304.752372 -0.180447 24.000000
die 0 192.849665 338.813550 0.110619 24.000000
die 0 153.137081 341.976364 -0.037910 24.000000
die 0 139.441226 300.104653 0.039307 24.000000
cup 1 171.500000 149.759781 0.000000 48.906553 0 rot 0.000000 0.000000 0.000000 0.000000 0.000000 0.000000 0.000000 0.000000 0.000000 shadow 48.906553 0.000000 0.000000
cup 0 171.500000 313.000000 0.000000 58.906553 0 rot 0.000000 0.000000 0.000000 0.000000 0.000000 0.000000 0.000000 0.000000 0.000000 shadow 58.906553 0.000000 0.000000
case 375 541 table 3
board topM 30.000000 boardH 399.000000 short 0 d 24.000000 ring 34.706553 myR 58.906553 mcx 171.500000 mcy 313.000000 origin 187.500000 343.000000
cam theta 0.260137 D 595.880292 zoom 1.060000
toScreen -400.000000 -6.405841 0.903927 | -150.000000 198.693121 0.995541 | -40.000000 302.721997 1.042009 | 30.000000 374.133245 1.073907
fromScreen 0.000000 -391.427535 | 70.000000 -301.159865 | 250.000000 -94.493704
ring R 58.906553 cy 221.956983 rx 120.975065 ry 91.043017 pad 87 padX 61
seat 1 66.732520 176.435475
seat 2 276.267480 176.435475
name 1 66.732520 249.342028
name 2 276.267480 249.342028
plate none
peek 1.082104 -58.906553 11.781311 7.068786
die 1 64.059199 141.072238 0.217254 24.000000
die 1 97.649162 164.915481 0.200309 24.000000
die 1 86.533734 204.436609 -0.237962 24.000000
die 1 44.207145 204.901847 -0.010091 24.000000
die 2 276.991978 141.952046 0.141738 24.000000
die 2 310.472717 166.053583 -0.074788 24.000000
die 2 295.012907 203.679470 0.199457 24.000000
die 2 255.111166 203.259610 -0.125746 24.000000
die 2 242.968928 166.601864 -0.161814 24.000000
die 0 169.444831 278.532646 0.136888 24.000000
die 0 206.469907 304.752372 -0.180447 24.000000
die 0 192.849665 338.813550 0.110619 24.000000
die 0 153.137081 341.976364 -0.037910 24.000000
die 0 139.441226 300.104653 0.039307 24.000000
cup 1 66.732520 176.435475 0.000000 58.906553 0 rot 0.000000 0.000000 0.000000 0.000000 0.000000 0.000000 0.000000 0.000000 0.000000 shadow 58.906553 0.000000 0.000000
cup 2 276.267480 176.435475 0.000000 58.906553 0 rot 0.000000 0.000000 0.000000 0.000000 0.000000 0.000000 0.000000 0.000000 0.000000 shadow 58.906553 0.000000 0.000000
cup 0 171.500000 313.000000 0.000000 58.906553 0 rot 0.000000 0.000000 0.000000 0.000000 0.000000 0.000000 0.000000 0.000000 0.000000 shadow 58.906553 0.000000 0.000000
case 375 541 table 4
board topM 30.000000 boardH 399.000000 short 0 d 24.000000 ring 34.706553 myR 58.906553 mcx 171.500000 mcy 313.000000 origin 187.500000 343.000000
cam theta 0.260137 D 595.880292 zoom 1.060000
toScreen -400.000000 -6.405841 0.903927 | -150.000000 198.693121 0.995541 | -40.000000 302.721997 1.042009 | 30.000000 374.133245 1.073907
fromScreen 0.000000 -391.427535 | 70.000000 -301.159865 | 250.000000 -94.493704
ring R 48.906553 cy 231.379890 rx 113.702103 ry 81.620110 pad 87 padX 49
seat 1 57.797897 231.379890
seat 2 171.500000 149.759781
seat 3 285.202103 231.379890
name 1 57.797897 294.286443
name 2 171.500000 212.666334
name 3 285.202103 294.286443
plate none
peek 1.082104 -58.906553 11.781311 7.068786
die 1 55.578400 202.019931 0.217254 19.925750
die 1 83.466117 221.815535 0.200309 19.925750
die 1 74.237648 254.627541 -0.237962 19.925750
die 1 39.096438 255.013800 -0.010091 19.925750
die 2 172.101507 121.130273 0.141738 19.925750
die 2 199.898542 141.140323 -0.074788 19.925750
die 2 187.063196 172.378824 0.199457 19.925750
die 2 153.935191 172.030240 -0.125746 19.925750
die 2 143.854224 141.595527 -0.161814 19.925750
die 3 282.911331 202.219669 -0.026500 19.925750
die 3 314.060787 224.243097 0.152391 19.925750
die 3 301.303373 254.210286 -0.046240 19.925750
die 0 169.444831 278.532646 0.136888 24.000000
die 0 206.469907 304.752372 -0.180447 24.000000
die 0 192.849665 338.813550 0.110619 24.000000
die 0 153.137081 341.976364 -0.037910 24.000000
die 0 139.441226 300.104653 0.039307 24.000000
cup 1 57.797897 231.379890 0.000000 48.906553 0 rot 0.000000 0.000000 0.000000 0.000000 0.000000 0.000000 0.000000 0.000000 0.000000 shadow 48.906553 0.000000 0.000000
cup 2 171.500000 149.759781 0.000000 48.906553 0 rot 0.000000 0.000000 0.000000 0.000000 0.000000 0.000000 0.000000 0.000000 0.000000 shadow 48.906553 0.000000 0.000000
cup 3 285.202103 231.379890 0.000000 48.906553 0 rot 0.000000 0.000000 0.000000 0.000000 0.000000 0.000000 0.000000 0.000000 0.000000 shadow 48.906553 0.000000 0.000000
cup 0 171.500000 313.000000 0.000000 58.906553 0 rot 0.000000 0.000000 0.000000 0.000000 0.000000 0.000000 0.000000 0.000000 0.000000 shadow 58.906553 0.000000 0.000000
case 375 541 table 5
board topM 30.000000 boardH 399.000000 short 0 d 24.000000 ring 34.706553 myR 58.906553 mcx 171.500000 mcy 313.000000 origin 187.500000 343.000000
cam theta 0.260137 D 595.880292 zoom 1.060000
toScreen -400.000000 -6.405841 0.903927 | -150.000000 198.693121 0.995541 | -40.000000 302.721997 1.042009 | 30.000000 374.133245 1.073907
fromScreen 0.000000 -391.427535 | 70.000000 -301.159865 | 250.000000 -94.493704
ring R 42.906553 cy 213.915450 rx 126.729804 ry 99.084550 pad 87 padX 44
seat 1 50.972794 244.534260
seat 2 97.010090 133.754364
seat 3 245.989910 133.754364
seat 4 292.027206 244.534260
name 1 50.972794 301.440812
name 2 97.010090 190.660917
name 3 245.989910 190.660917
name 4 292.027206 301.440812
plate none
peek 1.082104 -58.906553 11.781311 7.068786
die 1 49.025592 218.776266 0.217254 17.481201
die 1 73.491962 236.143287 0.200309 17.481201
die 1 65.395669 264.929820 -0.237962 17.481201
die 1 34.565686 265.268691 -0.010091 17.481201
die 2 97.537803 108.637209 0.141738 17.481201
die 2 121.924616 126.192367 -0.074788 17.481201
die 2 110.663948 153.598437 0.199457 17.481201
die 2 81.600183 153.292618 -0.125746 17.481201
die 2 72.755980 126.591725 -0.161814 17.481201
die 3 243.980176 108.171605 -0.026500 17.481201
die 3 271.308125 127.493133 0.152391 17.481201
die 3 260.115828 153.783860 -0.046240 17.481201
die 4 292.766580 219.394424 -0.199898 17.481201
die 4 315.829669 237.415155 -0.111909 17.481201
die 4 305.616287 264.783394 0.018314 17.481201
die 4 278.017815 265.457503 -0.121758 17.481201
die 4 269.310959 235.868136 0.023922 17.481201
die 0 169.444831 278.532646 0.136888 24.000000
die 0 206.469907 304.752372 -0.180447 24.000000
die 0 192.849665 338.813550 0.110619 24.000000
die 0 153.137081 341.976364 -0.037910 24.000000
die 0 139.441226 300.104653 0.039307 24.000000
cup 1 50.972794 244.534260 0.000000 42.906553 0 rot 0.000000 0.000000 0.000000 0.000000 0.000000 0.000000 0.000000 0.000000 0.000000 shadow 42.906553 0.000000 0.000000
cup 2 97.010090 133.754364 0.000000 42.906553 0 rot 0.000000 0.000000 0.000000 0.000000 0.000000 0.000000 0.000000 0.000000 0.000000 shadow 42.906553 0.000000 0.000000
cup 3 245.989910 133.754364 0.000000 42.906553 0 rot 0.000000 0.000000 0.000000 0.000000 0.000000 0.000000 0.000000 0.000000 0.000000 shadow 42.906553 0.000000 0.000000
cup 4 292.027206 244.534260 0.000000 42.906553 0 rot 0.000000 0.000000 0.000000 0.000000 0.000000 0.000000 0.000000 0.000000 0.000000 shadow 42.906553 0.000000 0.000000
cup 0 171.500000 313.000000 0.000000 58.906553 0 rot 0.000000 0.000000 0.000000 0.000000 0.000000 0.000000 0.000000 0.000000 0.000000 shadow 58.906553 0.000000 0.000000
case 375 541 table 6
board topM 30.000000 boardH 399.000000 short 0 d 24.000000 ring 34.706553 myR 58.906553 mcx 171.500000 mcy 313.000000 origin 187.500000 343.000000
cam theta 0.260137 D 595.880292 zoom 1.060000
toScreen -400.000000 -6.405841 0.903927 | -150.000000 198.693121 0.995541 | -40.000000 302.721997 1.042009 | 30.000000 374.133245 1.073907
fromScreen 0.000000 -391.427535 | 70.000000 -301.159865 | 250.000000 -94.493704
ring R 30.906553 cy 207.371766 rx 155.844249 ry 105.628234 pad 87 padX 33
seat 1 36.534921 260.185883
seat 2 36.534921 154.557649
seat 3 171.500000 101.743531
seat 4 306.465079 154.557649
seat 5 278.480608 260.185883
name 1 36.534921 305.092436
name 2 59.714836 189.737563
name 3 171.500000 146.650084
name 4 245.558526 154.557649
name 5 278.480608 305.092436
plate none
peek 1.082104 -58.906553 11.781311 7.068786
die 1 35.132307 241.631822 0.217254 12.592101
die 1 52.755983 254.141677 0.200309 12.592101
die 1 46.924041 274.877263 -0.237962 12.592101
die 1 24.716513 275.121359 -0.010091 12.592101
die 2 36.915044 136.465198 0.141738 12.592101
die 2 54.481413 149.110572 -0.074788 12.592101
die 2 46.370101 168.851779 0.199457 12.592101
die 2 25.434819 168.631491 -0.125746 12.592101
die 2 19.064141 149.398239 -0.161814 12.592101
die 3 170.052344 83.315695 -0.026500 12.592101
die 3 189.737278 97.233426 0.152391 12.592101
die 3 181.675216 116.171226 -0.046240 12.592101
die 4 306.997667 136.448861 -0.199898 12.592101
die 4 323.610528 149.429598 -0.111909 12.592101
die 4 316.253599 169.143555 0.018314 12.592101
die 4 296.373800 169.629130 -0.121758 12.592101
die 4 290.102056 148.315245 0.023922 12.592101
die 0 169.444831 278.532646 0.136888 24.000000
die 0 206.469907 304.752372 -0.180447 24.000000
die 0 192.849665 338.813550 0.110619 24.000000
die 0 153.137081 341.976364 -0.037910 24.000000
die 0 139.441226 300.104653 0.039307 24.000000
cup 1 36.534921 260.185883 0.000000 30.906553 0 rot 0.000000 0.000000 0.000000 0.000000 0.000000 0.000000 0.000000 0.000000 0.000000 shadow 30.906553 0.000000 0.000000
cup 2 36.534921 154.557649 0.000000 30.906553 0 rot 0.000000 0.000000 0.000000 0.000000 0.000000 0.000000 0.000000 0.000000 0.000000 shadow 30.906553 0.000000 0.000000
cup 3 171.500000 101.743531 0.000000 30.906553 0 rot 0.000000 0.000000 0.000000 0.000000 0.000000 0.000000 0.000000 0.000000 0.000000 shadow 30.906553 0.000000 0.000000
cup 4 306.465079 154.557649 0.000000 30.906553 0 rot 0.000000 0.000000 0.000000 0.000000 0.000000 0.000000 0.000000 0.000000 0.000000 shadow 30.906553 0.000000 0.000000
cup 5 246.630643 258.923851 30.906553 30.906553 1 rot -0.039593 0.999216 0.000000 0.133229 0.005279 0.991071 0.990294 0.039240 -0.133333 shadow 35.378338 31.849965 1.262032
cup 0 171.500000 313.000000 0.000000 58.906553 0 rot 0.000000 0.000000 0.000000 0.000000 0.000000 0.000000 0.000000 0.000000 0.000000 shadow 58.906553 0.000000 0.000000
case 375 541 wait 2
board topM 30.000000 boardH 499.000000 short 0 d 24.000000 ring 34.706553 myR 58.906553 mcx 171.500000 mcy 413.000000 origin 187.500000 443.000000
cam theta 0.314197 D 608.731322 zoom 1.060000
toScreen -400.000000 107.824572 0.881072 | -150.000000 302.484840 0.984988 | -40.000000 403.478312 1.038902 | 30.000000 473.710981 1.076395
fromScreen 0.000000 -565.631114 | 70.000000 -455.580862 | 250.000000 -212.059682
ring R 58.906553 cy 289.025521 rx 343.000000 ry 123.974479 pad 161 padX 0
seat 1 171.500000 165.051041
name 1 171.500000 237.957594
plate none
peek 1.029744 -58.906553 11.781311 7.068786
die 1 168.826679 129.687805 0.217254 24.000000
die 1 202.416641 153.531047 0.200309 24.000000
die 1 191.301214 193.052176 -0.237962 24.000000
die 1 148.974625 193.517414 -0.010091 24.000000
die 0 169.444831 378.532646 0.136888 24.000000
die 0 206.469907 404.752372 -0.180447 24.000000
die 0 192.849665 438.813550 0.110619 24.000000
die 0 153.137081 441.976364 -0.037910 24.000000
die 0 139.441226 400.104653 0.039307 24.000000
cup 1 171.500000 165.051041 0.000000 58.906553 0 rot 0.000000 0.000000 0.000000 0.000000 0.000000 0.000000 0.000000 0.000000 0.000000 shadow 58.906553 0.000000 0.000000
cup 0 171.500000 413.000000 0.000000 58.906553 0 rot 0.000000 0.000000 0.000000 0.000000 0.000000 0.000000 0.000000 0.000000 0.000000 shadow 58.906553 0.000000 0.000000
case 375 541 wait 3
board topM 30.000000 boardH 499.000000 short 0 d 24.000000 ring 34.706553 myR 58.906553 mcx 171.500000 mcy 413.000000 origin 187.500000 443.000000
cam theta 0.314197 D 608.731322 zoom 1.060000
toScreen -400.000000 107.824572 0.881072 | -150.000000 302.484840 0.984988 | -40.000000 403.478312 1.038902 | 30.000000 473.710981 1.076395
fromScreen 0.000000 -565.631114 | 70.000000 -455.580862 | 250.000000 -212.059682
ring R 58.906553 cy 247.700694 rx 135.734830 ry 165.299306 pad 161 padX 74
seat 1 53.950189 165.051041
seat 2 289.049811 165.051041
name 1 53.950189 237.957594
name 2 289.049811 237.957594
plate none
peek 1.029744 -58.906553 11.781311 7.068786
die 1 51.276868 129.687805 0.217254 24.000000
die 1 84.866830 153.531047 0.200309 24.000000
die 1 73.751402 193.052176 -0.237962 24.000000
die 1 31.424814 193.517414 -0.010091 24.000000
die 2 289.774310 130.567613 0.141738 24.000000
die 2 323.255048 154.669150 -0.074788 24.000000
die 2 307.795238 192.295036 0.199457 24.000000
die 2 267.893497 191.875177 -0.125746 24.000000
die 2 255.751260 155.217430 -0.161814 24.000000
die 0 169.444831 378.532646 0.136888 24.000000
die 0 206.469907 404.752372 -0.180447 24.000000
die 0 192.849665 438.813550 0.110619 24.000000
die 0 153.137081 441.976364 -0.037910 24.000000
die 0 139.441226 400.104653 0.039307 24.000000
cup 1 53.950189 165.051041 0.000000 58.906553 0 rot 0.000000 0.000000 0.000000 0.000000 0.000000 0.000000 0.000000 0.000000 0.000000 shadow 58.906553 0.000000 0.000000
cup 2 289.049811 165.051041 0.000000 58.906553 0 rot 0.000000 0.000000 0.000000 0.000000 0.000000 0.000000 0.000000 0.000000 0.000000 shadow 58.906553 0.000000 0.000000
cup 0 171.500000 413.000000 0.000000 58.906553 0 rot 0.000000 0.000000 0.000000 0.000000 0.000000 0.000000 0.000000 0.000000 0.000000 shadow 58.906553 0.000000 0.000000
case 375 541 wait 4
board topM 30.000000 boardH 499.000000 short 0 d 24.000000 ring 34.706553 myR 58.906553 mcx 171.500000 mcy 413.000000 origin 187.500000 443.000000
cam theta 0.314197 D 608.731322 zoom 1.060000
toScreen -400.000000 107.824572 0.881072 | -150.000000 302.484840 0.984988 | -40.000000 403.478312 1.038902 | 30.000000 473.710981 1.076395
fromScreen 0.000000 -565.631114 | 70.000000 -455.580862 | 250.000000 -212.059682
ring R 56.906553 cy 285.653367 rx 109.619894 ry 127.346633 pad 161 padX 62
seat 1 61.880106 285.653367
seat 2 171.500000 158.306735
seat 3 281.119894 285.653367
name 1 61.880106 356.559920
name 2 171.500000 229.213288
name 3 281.119894 356.559920
plate none
peek 1.029744 -58.906553 11.781311 7.068786
die 1 59.297550 251.490786 0.217254 23.185150
die 1 91.747063 274.524501 0.200309 23.185150
die 1 81.009027 312.703805 -0.237962 23.185150
die 1 40.119515 313.153247 -0.010091 23.185150
die 2 172.199900 124.994090 0.141738 23.185150
die 2 204.543898 148.277330 -0.074788 23.185150
die 2 189.608981 184.625739 0.199457 23.185150
die 2 151.061987 184.220135 -0.125746 23.185150
die 2 139.332004 148.806995 -0.161814 23.185150
die 3 278.454403 251.723197 -0.026500 23.185150
die 3 314.699201 277.349156 0.152391 23.185150
die 3 299.854965 312.218296 -0.046240 23.185150
die 0 169.444831 378.532646 0.136888 24.000000
die 0 206.469907 404.752372 -0.180447 24.000000
die 0 192.849665 438.813550 0.110619 24.000000
die 0 153.137081 441.976364 -0.037910 24.000000
die 0 139.441226 400.104653 0.039307 24.000000
cup 1 61.880106 285.653367 0.000000 56.906553 0 rot 0.000000 0.000000 0.000000 0.000000 0.000000 0.000000 0.000000 0.000000 0.000000 shadow 56.906553 0.000000 0.000000
cup 2 171.500000 158.306735 0.000000 56.906553 0 rot 0.000000 0.000000 0.000000 0.000000 0.000000 0.000000 0.000000 0.000000 0.000000 shadow 56.906553 0.000000 0.000000
cup 3 281.119894 285.653367 0.000000 56.906553 0 rot 0.000000 0.000000 0.000000 0.000000 0.000000 0.000000 0.000000 0.000000 0.000000 shadow 56.906553 0.000000 0.000000
cup 0 171.500000 413.000000 0.000000 58.906553 0 rot 0.000000 0.000000 0.000000 0.000000 0.000000 0.000000 0.000000 0.000000 0.000000 shadow 58.906553 0.000000 0.000000
case 375 541 wait 5
board topM 30.000000 boardH 499.000000 short 0 d 24.000000 ring 34.706553 myR 58.906553 mcx 171.500000 mcy 413.000000 origin 187.500000 443.000000
cam theta 0.314197 D 608.731322 zoom 1.060000
toScreen -400.000000 107.824572 0.881072 | -150.000000 302.484840 0.984988 | -40.000000 403.478312 1.038902 | 30.000000 473.710981 1.076395
fromScreen 0.000000 -565.631114 | 70.000000 -455.580862 | 250.000000 -212.059682
ring R 50.906553 cy 261.024543 rx 121.276827 ry 151.975457 pad 161 padX 55
seat 1 56.158884 307.987542
seat 2 100.215270 138.073815
seat 3 242.784730 138.073815
seat 4 286.841116 307.987542
name 1 56.158884 372.894095
name 2 100.215270 202.980368
name 3 242.784730 202.980368
name 4 286.841116 372.894095
plate none
peek 1.029744 -58.906553 11.781311 7.068786
die 1 53.848622 277.426927 0.217254 20.740600
die 1 82.876788 298.032058 0.200309 20.740600
die 1 73.270928 332.185889 -0.237962 20.740600
die 1 36.692642 332.587944 -0.010091 20.740600
die 2 100.841375 108.273523 0.141738 20.740600
die 2 129.775151 129.101870 -0.074788 20.740600
die 2 116.414912 161.617848 0.199457 20.740600
die 2 81.932160 161.255009 -0.125746 20.740600
die 2 71.438939 129.575690 -0.161814 20.740600
die 3 240.400279 107.721106 -0.026500 20.740600
die 3 272.823570 130.645167 0.152391 20.740600
die 3 259.544450 161.837844 -0.046240 20.740600
die 4 287.718349 278.160341 -0.199898 20.740600
die 4 315.081590 299.541068 -0.111909 20.740600
die 4 302.963906 332.012162 0.018314 20.740600
die 4 270.219651 332.811959 -0.121758 20.740600
die 4 259.889386 297.705605 0.023922 20.740600
die 0 169.444831 378.532646 0.136888 24.000000
die 0 206.469907 404.752372 -0.180447 24.000000
die 0 192.849665 438.813550 0.110619 24.000000
die 0 153.137081 441.976364 -0.037910 24.000000
die 0 139.441226 400.104653 0.039307 24.000000
cup 1 56.158884 307.987542 0.000000 50.906553 0 rot 0.000000 0.000000 0.000000 0.000000 0.000000 0.000000 0.000000 0.000000 0.000000 shadow 50.906553 0.000000 0.000000
cup 2 100.215270 138.073815 0.000000 50.906553 0 rot 0.000000 0.000000 0.000000 0.000000 0.000000 0.000000 0.000000 0.000000 0.000000 shadow 50.906553 0.000000 0.000000
cup 3 242.784730 138.073815 0.000000 50.906553 0 rot 0.000000 0.000000 0.000000 0.000000 0.000000 0.000000 0.000000 0.000000 0.000000 shadow 50.906553 0.000000 0.000000
cup 4 286.841116 307.987542 0.000000 50.906553 0 rot 0.000000 0.000000 0.000000 0.000000 0.000000 0.000000 0.000000 0.000000 0.000000 shadow 50.906553 0.000000 0.000000
cup 0 171.500000 413.000000 0.000000 58.906553 0 rot 0.000000 0.000000 0.000000 0.000000 0.000000 0.000000 0.000000 0.000000 0.000000 shadow 58.906553 0.000000 0.000000
case 375 541 wait 6
board topM 30.000000 boardH 499.000000 short 0 d 24.000000 ring 34.706553 myR 58.906553 mcx 171.500000 mcy 413.000000 origin 187.500000 443.000000
cam theta 0.314197 D 608.731322 zoom 1.060000
toScreen -400.000000 107.824572 0.881072 | -150.000000 302.484840 0.984988 | -40.000000 403.478312 1.038902 | 30.000000 473.710981 1.076395
fromScreen 0.000000 -565.631114 | 70.000000 -455.580862 | 250.000000 -212.059682
ring R 38.906553 cy 255.303987 rx 148.254471 ry 157.696013 pad 161 padX 43
seat 1 43.107862 334.151994
seat 2 43.107862 176.455981
seat 3 171.500000 97.607975
seat 4 299.892138 176.455981
seat 5 264.621777 334.151994
name 1 43.107862 387.058547
name 2 43.107862 229.362534
name 3 171.500000 150.514528
name 4 270.712223 217.635896
name 5 264.621777 387.058547
plate none
peek 1.029744 -58.906553 11.781311 7.068786
die 1 41.342189 310.795312 0.217254 15.851501
die 1 63.527661 326.543277 0.200309 15.851501
die 1 56.186152 352.646161 -0.237962 15.851501
die 1 28.230320 352.953441 -0.010091 15.851501
die 2 43.586378 153.680394 0.141738 15.851501
die 2 65.699710 169.598958 -0.074788 15.851501
die 2 55.488827 194.450073 0.199457 15.851501
die 2 29.134557 194.172765 -0.125746 15.851501
die 2 21.114861 169.961085 -0.161814 15.851501
die 3 169.677626 74.410190 -0.026500 15.851501
die 3 194.457903 91.930453 0.152391 15.851501
die 3 184.309018 115.770203 -0.046240 15.851501
die 4 300.562584 153.659828 -0.199898 15.851501
die 4 321.475597 170.000561 -0.111909 15.851501
die 4 312.214366 194.817373 0.018314 15.851501
die 4 287.188785 195.428637 -0.121758 15.851501
die 4 279.293633 168.597765 0.023922 15.851501
die 0 169.444831 378.532646 0.136888 24.000000
die 0 206.469907 404.752372 -0.180447 24.000000
die 0 192.849665 438.813550 0.110619 24.000000
die 0 153.137081 441.976364 -0.037910 24.000000
die 0 139.441226 400.104653 0.039307 24.000000
cup 1 43.107862 334.151994 0.000000 38.906553 0 rot 0.000000 0.000000 0.000000 0.000000 0.000000 0.000000 0.000000 0.000000 0.000000 shadow 38.906553 0.000000 0.000000
cup 2 43.107862 176.455981 0.000000 38.906553 0 rot 0.000000 0.000000 0.000000 0.000000 0.000000 0.000000 0.000000 0.000000 0.000000 shadow 38.906553 0.000000 0.000000
cup 3 171.500000 97.607975 0.000000 38.906553 0 rot 0.000000 0.000000 0.000000 0.000000 0.000000 0.000000 0.000000 0.000000 0.000000 shadow 38.906553 0.000000 0.000000
cup 4 299.892138 176.455981 0.000000 38.906553 0 rot 0.000000 0.000000 0.000000 0.000000 0.000000 0.000000 0.000000 0.000000 0.000000 shadow 38.906553 0.000000 0.000000
cup 5 224.527616 332.563292 38.906553 38.906553 1 rot -0.039593 0.999216 0.000000 0.133229 0.005279 0.991071 0.990294 0.039240 -0.133333 shadow 44.535837 40.094162 1.588702
cup 0 171.500000 413.000000 0.000000 58.906553 0 rot 0.000000 0.000000 0.000000 0.000000 0.000000 0.000000 0.000000 0.000000 0.000000 shadow 58.906553 0.000000 0.000000
case 430 830 table 2
board topM 30.000000 boardH 688.000000 short 0 d 24.000000 ring 34.706553 myR 58.906553 mcx 199.000000 mcy 602.000000 origin 215.000000 632.000000
cam theta 0.409790 D 637.575909 zoom 1.060000
toScreen -400.000000 320.873460 0.848029 | -150.000000 498.662678 0.969157 | -40.000000 594.058886 1.034151 | 30.000000 661.724344 1.080251
fromScreen 0.000000 -1094.742013 | 70.000000 -904.922829 | 250.000000 -520.770804
ring R 58.906553 cy 312.644768 rx 398.000000 ry 289.355232 pad 501 padX 0
seat 1 199.000000 23.289536
name 1 199.000000 96.196089
plate none
peek 0.942478 -58.906553 11.781311 7.068786
die 1 196.326679 -12.073701 0.217254 24.000000
die 1 229.916641 11.769541 0.200309 24.000000
die 1 218.801214 51.290670 -0.237962 24.000000
die 1 176.474625 51.755908 -0.010091 24.000000
die 0 196.944831 567.532646 0.136888 24.000000
die 0 233.969907 593.752372 -0.180447 24.000000
die 0 220.349665 627.813550 0.110619 24.000000
die 0 180.637081 630.976364 -0.037910 24.000000
die 0 166.941226 589.104653 0.039307 24.000000
cup 1 199.000000 23.289536 0.000000 58.906553 0 rot 0.000000 0.000000 0.000000 0.000000 0.000000 0.000000 0.000000 0.000000 0.000000 shadow 58.906553 0.000000 0.000000
cup 0 199.000000 602.000000 0.000000 58.906553 0 rot 0.000000 0.000000 0.000000 0.000000 0.000000 0.000000 0.000000 0.000000 0.000000 shadow 58.906553 0.000000 0.000000
case 430 830 table 3
board topM 30.000000 boardH 688.000000 short 0 d 24.000000 ring 34.706553 myR 58.906553 mcx 199.000000 mcy 602.000000 origin 215.000000 632.000000
cam theta 0.409790 D 637.575909 zoom 1.060000
toScreen -400.000000 320.873460 0.848029 | -150.000000 498.662678 0.969157 | -40.000000 594.058886 1.034151 | 30.000000 661.724344 1.080251
fromScreen 0.000000 -1094.742013 | 70.000000 -904.922829 | 250.000000 -520.770804
ring R 58.906553 cy 216.193024 rx 221.009400 ry 385.806976 pad 501 padX 121
seat 1 7.600245 23.289536
seat 2 390.399755 23.289536
name 1 7.600245 96.196089
name 2 390.399755 96.196089
plate none
peek 0.942478 -58.906553 11.781311 7.068786
die 1 4.926924 -12.073701 0.217254 24.000000
die 1 38.516887 11.769541 0.200309 24.000000
die 1 27.401459 51.290670 -0.237962 24.000000
die 1 -14.925130 51.755908 -0.010091 24.000000
die 2 391.124253 -11.193893 0.141738 24.000000
die 2 424.604992 12.907644 -0.074788 24.000000
die 2 409.145182 50.533530 0.199457 24.000000
die 2 369.243441 50.113671 -0.125746 24.000000
die 2 357.101203 13.455924 -0.161814 24.000000
die 0 196.944831 567.532646 0.136888 24.000000
die 0 233.969907 593.752372 -0.180447 24.000000
die 0 220.349665 627.813550 0.110619 24.000000
die 0 180.637081 630.976364 -0.037910 24.000000
die 0 166.941226 589.104653 0.039307 24.000000
cup 1 7.600245 23.289536 0.000000 58.906553 0 rot 0.000000 0.000000 0.000000 0.000000 0.000000 0.000000 0.000000 0.000000 0.000000 shadow 58.906553 0.000000 0.000000
cup 2 390.399755 23.289536 0.000000 58.906553 0 rot 0.000000 0.000000 0.000000 0.000000 0.000000 0.000000 0.000000 0.000000 0.000000 shadow 58.906553 0.000000 0.000000
cup 0 199.000000 602.000000 0.000000 58.906553 0 rot 0.000000 0.000000 0.000000 0.000000 0.000000 0.000000 0.000000 0.000000 0.000000 shadow 58.906553 0.000000 0.000000
case 430 830 table 4
board topM 30.000000 boardH 688.000000 short 0 d 24.000000 ring 34.706553 myR 58.906553 mcx 199.000000 mcy 602.000000 origin 215.000000 632.000000
cam theta 0.409790 D 637.575909 zoom 1.060000
toScreen -400.000000 320.873460 0.848029 | -150.000000 498.662678 0.969157 | -40.000000 594.058886 1.034151 | 30.000000 661.724344 1.080251
fromScreen 0.000000 -1094.742013 | 70.000000 -904.922829 | 250.000000 -520.770804
ring R 58.906553 cy 312.644768 rx 155.748321 ry 289.355232 pad 501 padX 85
seat 1 43.251679 312.644768
seat 2 199.000000 23.289536
seat 3 354.748321 312.644768
name 1 43.251679 385.551321
name 2 199.000000 96.196089
name 3 354.748321 385.551321
plate none
peek 0.942478 -58.906553 11.781311 7.068786
die 1 40.578358 277.281531 0.217254 24.000000
die 1 74.168320 301.124773 0.200309 24.000000
die 1 63.052892 340.645902 -0.237962 24.000000
die 1 20.726304 341.111140 -0.010091 24.000000
die 2 199.724498 -11.193893 0.141738 24.000000
die 2 233.205237 12.907644 -0.074788 24.000000
die 2 217.745427 50.533530 0.199457 24.000000
die 2 177.843686 50.113671 -0.125746 24.000000
die 2 165.701449 13.455924 -0.161814 24.000000
die 3 351.989151 277.522110 -0.026500 24.000000
die 3 389.507785 304.048703 0.152391 24.000000
die 3 374.141843 340.143330 -0.046240 24.000000
die 0 196.944831 567.532646 0.136888 24.000000
die 0 233.969907 593.752372 -0.180447 24.000000
die 0 220.349665 627.813550 0.110619 24.000000
die 0 180.637081 630.976364 -0.037910 24.000000
die 0 166.941226 589.104653 0.039307 24.000000
cup 1 43.251679 312.644768 0.000000 58.906553 0 rot 0.000000 0.000000 0.000000 0.000000 0.000000 0.000000 0.000000 0.000000 0.000000 shadow 58.906553 0.000000 0.000000
cup 2 199.000000 23.289536 0.000000 58.906553 0 rot 0.000000 0.000000 0.000000 0.000000 0.000000 0.000000 0.000000 0.000000 0.000000 shadow 58.906553 0.000000 0.000000
cup 3 354.748321 312.644768 0.000000 58.906553 0 rot 0.000000 0.000000 0.000000 0.000000 0.000000 0.000000 0.000000 0.000000 0.000000 shadow 58.906553 0.000000 0.000000
cup 0 199.000000 602.000000 0.000000 58.906553 0 rot 0.000000 0.000000 0.000000 0.000000 0.000000 0.000000 0.000000 0.000000 0.000000 shadow 58.906553 0.000000 0.000000
case 430 830 table 5
board topM 30.000000 boardH 688.000000 short 0 d 24.000000 ring 34.706553 myR 58.906553 mcx 199.000000 mcy 602.000000 origin 215.000000 632.000000
cam theta 0.409790 D 637.575909 zoom 1.060000
toScreen -400.000000 320.873460 0.848029 | -150.000000 498.662678 0.969157 | -40.000000 594.058886 1.034151 | 30.000000 661.724344 1.080251
fromScreen 0.000000 -1094.742013 | 70.000000 -904.922829 | 250.000000 -520.770804
ring R 58.906553 cy 292.171600 rx 154.914200 ry 309.828400 pad 501 padX 77
seat 1 51.667841 387.913841
seat 2 107.943718 41.515160
seat 3 290.056282 41.515160
seat 4 346.332159 387.913841
name 1 51.667841 460.820394
name 2 107.943718 114.421713
name 3 290.056282 114.421713
name 4 346.332159 460.820394
plate none
peek 0.942478 -58.906553 11.781311 7.068786
die 1 48.994520 352.550605 0.217254 24.000000
die 1 82.584482 376.393847 0.200309 24.000000
die 1 71.469054 415.914976 -0.237962 24.000000
die 1 29.142466 416.380214 -0.010091 24.000000
die 2 108.668216 7.031731 0.141738 24.000000
die 2 142.148955 31.133268 -0.074788 24.000000
die 2 126.689145 68.759154 0.199457 24.000000
die 2 86.787404 68.339295 -0.125746 24.000000
die 2 74.645167 31.681548 -0.161814 24.000000
die 3 287.297112 6.392501 -0.026500 24.000000
die 3 324.815746 32.919094 0.152391 24.000000
die 3 309.449804 69.013722 -0.046240 24.000000
die 4 347.347249 353.399275 -0.199898 24.000000
die 4 379.010643 378.139998 -0.111909 24.000000
die 4 364.988656 415.713947 0.018314 24.000000
die 4 327.098619 416.639433 -0.121758 24.000000
die 4 315.144946 376.016091 0.023922 24.000000
die 0 196.944831 567.532646 0.136888 24.000000
die 0 233.969907 593.752372 -0.180447 24.000000
die 0 220.349665 627.813550 0.110619 24.000000
die 0 180.637081 630.976364 -0.037910 24.000000
die 0 166.941226 589.104653 0.039307 24.000000
cup 1 51.667841 387.913841 0.000000 58.906553 0 rot 0.000000 0.000000 0.000000 0.000000 0.000000 0.000000 0.000000 0.000000 0.000000 shadow 58.906553 0.000000 0.000000
cup 2 107.943718 41.515160 0.000000 58.906553 0 rot 0.000000 0.000000 0.000000 0.000000 0.000000 0.000000 0.000000 0.000000 0.000000 shadow 58.906553 0.000000 0.000000
cup 3 290.056282 41.515160 0.000000 58.906553 0 rot 0.000000 0.000000 0.000000 0.000000 0.000000 0.000000 0.000000 0.000000 0.000000 shadow 58.906553 0.000000 0.000000
cup 4 346.332159 387.913841 0.000000 58.906553 0 rot 0.000000 0.000000 0.000000 0.000000 0.000000 0.000000 0.000000 0.000000 0.000000 shadow 58.906553 0.000000 0.000000
cup 0 199.000000 602.000000 0.000000 58.906553 0 rot 0.000000 0.000000 0.000000 0.000000 0.000000 0.000000 0.000000 0.000000 0.000000 shadow 58.906553 0.000000 0.000000
case 430 830 table 6
board topM 30.000000 boardH 688.000000 short 0 d 24.000000 ring 34.706553 myR 58.906553 mcx 199.000000 mcy 602.000000 origin 215.000000 632.000000
cam theta 0.409790 D 637.575909 zoom 1.060000
toScreen -400.000000 320.873460 0.848029 | -150.000000 498.662678 0.969157 | -40.000000 594.058886 1.034151 | 30.000000 661.724344 1.080251
fromScreen 0.000000 -1094.742013 | 70.000000 -904.922829 | 250.000000 -520.770804
ring R 52.906553 cy 296.797013 rx 169.451453 ry 305.202987 pad 501 padX 63
seat 1 52.250737 449.398506
seat 2 52.250737 144.195519
seat 3 199.000000 -8.405974
seat 4 345.749263 144.195519
seat 5 297.300982 449.398506
name 1 52.250737 516.305059
name 2 52.250737 211.102072
name 3 199.000000 58.500579
name 4 345.749263 211.102072
name 5 297.300982 516.305059
plate none
peek 0.942478 -58.906553 11.781311 7.068786
die 1 49.849711 417.637236 0.217254 21.555450
die 1 80.018326 439.051895 0.200309 21.555450
die 1 70.035074 474.547551 -0.237962 21.555450
die 1 32.019712 474.965401 -0.010091 21.555450
die 2 52.901441 113.224443 0.141738 21.555450
die 2 82.971958 134.871088 -0.074788 21.555450
die 2 69.086826 168.664543 0.199457 21.555450
die 2 33.249326 168.287449 -0.125746 21.555450
die 2 22.343851 135.363522 -0.161814 21.555450
die 3 196.521869 -39.951171 -0.026500 21.555450
die 3 230.218995 -16.126477 0.152391 21.555450
die 3 216.418170 16.291688 -0.046240 21.555450
die 4 346.660959 113.196477 -0.199898 21.555450
die 4 375.099239 135.417203 -0.111909 21.555450
die 4 362.505479 169.164011 0.018314 21.555450
die 4 328.474778 169.995230 -0.121758 21.555450
die 4 317.738662 133.509629 0.023922 21.555450
die 0 196.944831 567.532646 0.136888 24.000000
die 0 233.969907 593.752372 -0.180447 24.000000
die 0 220.349665 627.813550 0.110619 24.000000
die 0 180.637081 630.976364 -0.037910 24.000000
die 0 166.941226 589.104653 0.039307 24.000000
cup 1 52.250737 449.398506 0.000000 52.906553 0 rot 0.000000 0.000000 0.000000 0.000000 0.000000 0.000000 0.000000 0.000000 0.000000 shadow 52.906553 0.000000 0.000000
cup 2 52.250737 144.195519 0.000000 52.906553 0 rot 0.000000 0.000000 0.000000 0.000000 0.000000 0.000000 0.000000 0.000000 0.000000 shadow 52.906553 0.000000 0.000000
cup 3 199.000000 -8.405974 0.000000 52.906553 0 rot 0.000000 0.000000 0.000000 0.000000 0.000000 0.000000 0.000000 0.000000 0.000000 shadow 52.906553 0.000000 0.000000
cup 4 345.749263 144.195519 0.000000 52.906553 0 rot 0.000000 0.000000 0.000000 0.000000 0.000000 0.000000 0.000000 0.000000 0.000000 shadow 52.906553 0.000000 0.000000
cup 5 242.779475 447.238131 52.906553 52.906553 1 rot -0.039593 0.999216 0.000000 0.133229 0.005279 0.991071 0.990294 0.039240 -0.133333 shadow 60.561459 54.521507 2.160375
cup 0 199.000000 602.000000 0.000000 58.906553 0 rot 0.000000 0.000000 0.000000 0.000000 0.000000 0.000000 0.000000 0.000000 0.000000 shadow 58.906553 0.000000 0.000000
case 430 830 wait 2
board topM 30.000000 boardH 788.000000 short 0 d 24.000000 ring 34.706553 myR 58.906553 mcx 199.000000 mcy 702.000000 origin 215.000000 732.000000
cam theta 0.456738 D 655.029801 zoom 1.060000
toScreen -400.000000 432.201847 0.835096 | -150.000000 602.388069 0.962767 | -40.000000 694.944147 1.032201 | 30.000000 761.128726 1.081852
fromScreen 0.000000 -1596.511967 | 70.000000 -1309.258736 | 250.000000 -768.959234
ring R 58.906553 cy 261.773506 rx 398.000000 ry 440.226494 pad 903 padX 0
seat 1 199.000000 -178.452988
name 1 199.000000 -105.546435
plate none
peek 0.907571 -58.906553 11.781311 7.068786
die 1 196.326679 -213.816225 0.217254 24.000000
die 1 229.916641 -189.972983 0.200309 24.000000
die 1 218.801214 -150.451854 -0.237962 24.000000
die 1 176.474625 -149.986616 -0.010091 24.000000
die 0 196.944831 667.532646 0.136888 24.000000
die 0 233.969907 693.752372 -0.180447 24.000000
die 0 220.349665 727.813550 0.110619 24.000000
die 0 180.637081 730.976364 -0.037910 24.000000
die 0 166.941226 689.104653 0.039307 24.000000
cup 1 199.000000 -178.452988 0.000000 58.906553 0 rot 0.000000 0.000000 0.000000 0.000000 0.000000 0.000000 0.000000 0.000000 0.000000 shadow 58.906553 0.000000 0.000000
cup 0 199.000000 702.000000 0.000000 58.906553 0 rot 0.000000 0.000000 0.000000 0.000000 0.000000 0.000000 0.000000 0.000000 0.000000 shadow 58.906553 0.000000 0.000000
case 430 830 wait 3
board topM 30.000000 boardH 788.000000 short 0 d 24.000000 ring 34.706553 myR 58.906553 mcx 199.000000 mcy 702.000000 origin 215.000000 732.000000
cam theta 0.456738 D 655.029801 zoom 1.060000
toScreen -400.000000 432.201847 0.835096 | -150.000000 602.388069 0.962767 | -40.000000 694.944147 1.032201 | 30.000000 761.128726 1.081852
fromScreen 0.000000 -1596.511967 | 70.000000 -1309.258736 | 250.000000 -768.959234
ring R 58.906553 cy 150.760157 rx 275.619922 ry 551.239843 pad 903 padX 168
seat 1 -39.693854 -124.859765
seat 2 437.693854 -124.859765
name 1 -39.693854 -51.953212
name 2 437.693854 -51.953212
plate none
peek 0.907571 -58.906553 11.781311 7.068786
die 1 -42.367175 -160.223001 0.217254 24.000000
die 1 -8.777212 -136.379759 0.200309 24.000000
die 1 -19.892640 -96.858630 -0.237962 24.000000
die 1 -62.219229 -96.393392 -0.010091 24.000000
die 2 438.418352 -159.343193 0.141738 24.000000
die 2 471.899091 -135.241656 -0.074788 24.000000
die 2 456.439281 -97.615770 0.199457 24.000000
die 2 416.537540 -98.035629 -0.125746 24.000000
die 2 404.395302 -134.693376 -0.161814 24.000000
die 0 196.944831 667.532646 0.136888 24.000000
die 0 233.969907 693.752372 -0.180447 24.000000
die 0 220.349665 727.813550 0.110619 24.000000
die 0 180.637081 730.976364 -0.037910 24.000000
die 0 166.941226 689.104653 0.039307 24.000000
cup 1 -39.693854 -124.859765 0.000000 58.906553 0 rot 0.000000 0.000000 0.000000 0.000000 0.000000 0.000000 0.000000 0.000000 0.000000 shadow 58.906553 0.000000 0.000000
cup 2 437.693854 -124.859765 0.000000 58.906553 0 rot 0.000000 0.000000 0.000000 0.000000 0.000000 0.000000 0.000000 0.000000 0.000000 shadow 58.906553 0.000000 0.000000
cup 0 199.000000 702.000000 0.000000 58.906553 0 rot 0.000000 0.000000 0.000000 0.000000 0.000000 0.000000 0.000000 0.000000 0.000000 shadow 58.906553 0.000000 0.000000
case 430 830 wait 4
board topM 30.000000 boardH 788.000000 short 0 d 24.000000 ring 34.706553 myR 58.906553 mcx 199.000000 mcy 702.000000 origin 215.000000 732.000000
cam theta 0.456738 D 655.029801 zoom 1.060000
toScreen -400.000000 432.201847 0.835096 | -150.000000 602.388069 0.962767 | -40.000000 694.944147 1.032201 | 30.000000 761.128726 1.081852
fromScreen 0.000000 -1596.511967 | 70.000000 -1309.258736 | 250.000000 -768.959234
ring R 58.906553 cy 341.494058 rx 174.252971 ry 360.505942 pad 903 padX 103
seat 1 24.747029 341.494058
seat 2 199.000000 -19.011885
seat 3 373.252971 341.494058
name 1 24.747029 414.400611
name 2 199.000000 53.894668
name 3 373.252971 414.400611
plate none
peek 0.907571 -58.906553 11.781311 7.068786
die 1 22.073708 306.130821 0.217254 24.000000
die 1 55.663670 329.974063 0.200309 24.000000
die 1 44.548242 369.495192 -0.237962 24.000000
die 1 2.221654 369.960430 -0.010091 24.000000
die 2 199.724498 -53.495313 0.141738 24.000000
die 2 233.205237 -29.393777 -0.074788 24.000000
die 2 217.745427 8.232110 0.199457 24.000000
die 2 177.843686 7.812251 -0.125746 24.000000
die 2 165.701449 -28.845496 -0.161814 24.000000
die 3 370.493801 306.371399 -0.026500 24.000000
die 3 408.012435 332.897992 0.152391 24.000000
die 3 392.646493 368.992620 -0.046240 24.000000
die 0 196.944831 667.532646 0.136888 24.000000
die 0 233.969907 693.752372 -0.180447 24.000000
die 0 220.349665 727.813550 0.110619 24.000000
die 0 180.637081 730.976364 -0.037910 24.000000
die 0 166.941226 689.104653 0.039307 24.000000
cup 1 24.747029 341.494058 0.000000 58.906553 0 rot 0.000000 0.000000 0.000000 0.000000 0.000000 0.000000 0.000000 0.000000 0.000000 shadow 58.906553 0.000000 0.000000
cup 2 199.000000 -19.011885 0.000000 58.906553 0 rot 0.000000 0.000000 0.000000 0.000000 0.000000 0.000000 0.000000 0.000000 0.000000 shadow 58.906553 0.000000 0.000000
cup 3 373.252971 341.494058 0.000000 58.906553 0 rot 0.000000 0.000000 0.000000 0.000000 0.000000 0.000000 0.000000 0.000000 0.000000 shadow 58.906553 0.000000 0.000000
cup 0 199.000000 702.000000 0.000000 58.906553 0 rot 0.000000 0.000000 0.000000 0.000000 0.000000 0.000000 0.000000 0.000000 0.000000 shadow 58.906553 0.000000 0.000000
case 430 830 wait 5
board topM 30.000000 boardH 788.000000 short 0 d 24.000000 ring 34.706553 myR 58.906553 mcx 199.000000 mcy 702.000000 origin 215.000000 732.000000
cam theta 0.456738 D 655.029801 zoom 1.060000
toScreen -400.000000 432.201847 0.835096 | -150.000000 602.388069 0.962767 | -40.000000 694.944147 1.032201 | 30.000000 761.128726 1.081852
fromScreen 0.000000 -1596.511967 | 70.000000 -1309.258736 | 250.000000 -768.959234
ring R 58.906553 cy 351.953610 rx 166.023195 ry 350.046390 pad 903 padX 87
seat 1 41.102558 460.123893
seat 2 101.414014 68.760131
seat 3 296.585986 68.760131
seat 4 356.897442 460.123893
name 1 41.102558 533.030446
name 2 101.414014 141.666684
name 3 296.585986 141.666684
name 4 356.897442 533.030446
plate none
peek 0.907571 -58.906553 11.781311 7.068786
die 1 38.429237 424.760657 0.217254 24.000000
die 1 72.019200 448.603899 0.200309 24.000000
die 1 60.903772 488.125028 -0.237962 24.000000
die 1 18.577183 488.590266 -0.010091 24.000000
die 2 102.138513 34.276703 0.141738 24.000000
die 2 135.619252 58.378239 -0.074788 24.000000
die 2 120.159442 96.004126 0.199457 24.000000
die 2 80.257701 95.584267 -0.125746 24.000000
die 2 68.115463 58.926520 -0.161814 24.000000
die 3 293.826816 33.637473 -0.026500 24.000000
die 3 331.345449 60.164066 0.152391 24.000000
die 3 315.979507 96.258694 -0.046240 24.000000
die 4 357.912532 425.609327 -0.199898 24.000000
die 4 389.575925 450.350050 -0.111909 24.000000
die 4 375.553938 487.923999 0.018314 24.000000
die 4 337.663901 488.849485 -0.121758 24.000000
die 4 325.710229 448.226143 0.023922 24.000000
die 0 196.944831 667.532646 0.136888 24.000000
die 0 233.969907 693.752372 -0.180447 24.000000
die 0 220.349665 727.813550 0.110619 24.000000
die 0 180.637081 730.976364 -0.037910 24.000000
die 0 166.941226 689.104653 0.039307 24.000000
cup 1 41.102558 460.123893 0.000000 58.906553 0 rot 0.000000 0.000000 0.000000 0.000000 0.000000 0.000000 0.000000 0.000000 0.000000 shadow 58.906553 0.000000 0.000000
cup 2 101.414014 68.760131 0.000000 58.906553 0 rot 0.000000 0.000000 0.000000 0.000000 0.000000 0.000000 0.000000 0.000000 0.000000 shadow 58.906553 0.000000 0.000000
cup 3 296.585986 68.760131 0.000000 58.906553 0 rot 0.000000 0.000000 0.000000 0.000000 0.000000 0.000000 0.000000 0.000000 0.000000 shadow 58.906553 0.000000 0.000000
cup 4 356.897442 460.123893 0.000000 58.906553 0 rot 0.000000 0.000000 0.000000 0.000000 0.000000 0.000000 0.000000 0.000000 0.000000 shadow 58.906553 0.000000 0.000000
cup 0 199.000000 702.000000 0.000000 58.906553 0 rot 0.000000 0.000000 0.000000 0.000000 0.000000 0.000000 0.000000 0.000000 0.000000 shadow 58.906553 0.000000 0.000000
case 430 830 wait 6
board topM 30.000000 boardH 788.000000 short 0 d 24.000000 ring 34.706553 myR 58.906553 mcx 199.000000 mcy 702.000000 origin 215.000000 732.000000
cam theta 0.456738 D 655.029801 zoom 1.060000
toScreen -400.000000 432.201847 0.835096 | -150.000000 602.388069 0.962767 | -40.000000 694.944147 1.032201 | 30.000000 761.128726 1.081852
fromScreen 0.000000 -1596.511967 | 70.000000 -1309.258736 | 250.000000 -768.959234
ring R 56.906553 cy 346.238377 rx 174.880811 ry 355.761623 pad 903 padX 76
seat 1 47.548775 524.119189
seat 2 47.548775 168.357566
seat 3 199.000000 -9.523245
seat 4 350.451225 168.357566
seat 5 293.029899 524.119189
name 1 47.548775 595.025742
name 2 47.548775 239.264119
name 3 199.000000 61.383308
name 4 350.451225 239.264119
name 5 293.029899 595.025742
plate none
peek 0.907571 -58.906553 11.781311 7.068786
die 1 44.966219 489.956608 0.217254 23.185150
die 1 77.415732 512.990322 0.200309 23.185150
die 1 66.677696 551.169626 -0.237962 23.185150
die 1 25.788183 551.619069 -0.010091 23.185150
die 2 48.248675 135.044921 0.141738 23.185150
die 2 80.592673 158.328161 -0.074788 23.185150
die 2 65.657756 194.676570 0.199457 23.185150
die 2 27.110762 194.270966 -0.125746 23.185150
die 2 15.380778 158.857826 -0.161814 23.185150
die 3 196.334510 -43.453416 -0.026500 23.185150
die 3 232.579308 -17.827456 0.152391 23.185150
die 3 217.735071 17.041684 -0.046240 23.185150
die 4 351.431851 135.014841 -0.199898 23.185150
die 4 382.020206 158.915565 -0.111909 23.185150
die 4 368.474295 195.213801 0.018314 23.185150
die 4 331.870703 196.107864 -0.121758 23.185150
die 4 320.322883 156.863769 0.023922 23.185150
die 0 196.944831 667.532646 0.136888 24.000000
die 0 233.969907 693.752372 -0.180447 24.000000
die 0 220.349665 727.813550 0.110619 24.000000
die 0 180.637081 730.976364 -0.037910 24.000000
die 0 166.941226 689.104653 0.039307 24.000000
cup 1 47.548775 524.119189 0.000000 56.906553 0 rot 0.000000 0.000000 0.000000 0.000000 0.000000 0.000000 0.000000 0.000000 0.000000 shadow 56.906553 0.000000 0.000000
cup 2 47.548775 168.357566 0.000000 56.906553 0 rot 0.000000 0.000000 0.000000 0.000000 0.000000 0.000000 0.000000 0.000000 0.000000 shadow 56.906553 0.000000 0.000000
cup 3 199.000000 -9.523245 0.000000 56.906553 0 rot 0.000000 0.000000 0.000000 0.000000 0.000000 0.000000 0.000000 0.000000 0.000000 shadow 56.906553 0.000000 0.000000
cup 4 350.451225 168.357566 0.000000 56.906553 0 rot 0.000000 0.000000 0.000000 0.000000 0.000000 0.000000 0.000000 0.000000 0.000000 shadow 56.906553 0.000000 0.000000
cup 5 234.386293 521.795478 56.906553 56.906553 1 rot -0.039593 0.999216 0.000000 0.133229 0.005279 0.991071 0.990294 0.039240 -0.133333 shadow 65.140208 58.643605 2.323710
cup 0 199.000000 702.000000 0.000000 58.906553 0 rot 0.000000 0.000000 0.000000 0.000000 0.000000 0.000000 0.000000 0.000000 0.000000 shadow 58.906553 0.000000 0.000000
case 390 584 table 2
board topM 30.000000 boardH 442.000000 short 0 d 24.000000 ring 34.706553 myR 58.906553 mcx 179.000000 mcy 356.000000 origin 195.000000 386.000000
cam theta 0.283665 D 601.190228 zoom 1.060000
toScreen -400.000000 42.845162 0.893599 | -150.000000 243.317827 0.990811 | -40.000000 346.038609 1.040622 | 30.000000 416.961561 1.075014
fromScreen 0.000000 -460.652905 | 70.000000 -362.997810 | 250.000000 -142.509061
ring R 56.906553 cy 262.560604 rx 358.000000 ry 93.439396 pad 113 padX 0
seat 1 179.000000 169.121208
name 1 179.000000 240.027761
plate none
peek 1.064651 -58.906553 11.781311 7.068786
die 1 176.417444 134.958627 0.217254 23.185150
die 1 208.866957 157.992342 0.200309 23.185150
die 1 198.128921 196.171646 -0.237962 23.185150
die 1 157.239408 196.621088 -0.010091 23.185150
die 0 176.944831 321.532646 0.136888 24.000000
die 0 213.969907 347.752372 -0.180447 24.000000
die 0 200.349665 381.813550 0.110619 24.000000
die 0 160.637081 384.976364 -0.037910 24.000000
die 0 146.941226 343.104653 0.039307 24.000000
cup 1 179.000000 169.121208 0.000000 56.906553 0 rot 0.000000 0.000000 0.000000 0.000000 0.000000 0.000000 0.000000 0.000000 0.000000 shadow 56.906553 0.000000 0.000000
cup 0 179.000000 356.000000 0.000000 58.906553 0 rot 0.000000 0.000000 0.000000 0.000000 0.000000 0.000000 0.000000 0.000000 0.000000 shadow 58.906553 0.000000 0.000000
case 390 584 table 3
board topM 30.000000 boardH 442.000000 short 0 d 24.000000 ring 34.706553 myR 58.906553 mcx 179.000000 mcy 356.000000 origin 195.000000 386.000000
cam theta 0.283665 D 601.190228 zoom 1.060000
toScreen -400.000000 42.845162 0.893599 | -150.000000 243.317827 0.990811 | -40.000000 346.038609 1.040622 | 30.000000 416.961561 1.075014
fromScreen 0.000000 -460.652905 | 70.000000 -362.997810 | 250.000000 -142.509061
ring R 58.906553 cy 235.352471 rx 133.873155 ry 120.647529 pad 113 padX 65
seat 1 63.062447 175.028707
seat 2 294.937553 175.028707
name 1 63.062447 247.935260
name 2 294.937553 247.935260
plate none
peek 1.064651 -58.906553 11.781311 7.068786
die 1 60.389126 139.665470 0.217254 24.000000
die 1 93.979089 163.508712 0.200309 24.000000
die 1 82.863661 203.029841 -0.237962 24.000000
die 1 40.537072 203.495079 -0.010091 24.000000
die 2 295.662051 140.545278 0.141738 24.000000
die 2 329.142790 164.646815 -0.074788 24.000000
die 2 313.682980 202.272702 0.199457 24.000000
die 2 273.781239 201.852842 -0.125746 24.000000
die 2 261.639001 165.195095 -0.161814 24.000000
die 0 176.944831 321.532646 0.136888 24.000000
die 0 213.969907 347.752372 -0.180447 24.000000
die 0 200.349665 381.813550 0.110619 24.000000
die 0 160.637081 384.976364 -0.037910 24.000000
die 0 146.941226 343.104653 0.039307 24.000000
cup 1 63.062447 175.028707 0.000000 58.906553 0 rot 0.000000 0.000000 0.000000 0.000000 0.000000 0.000000 0.000000 0.000000 0.000000 shadow 58.906553 0.000000 0.000000
cup 2 294.937553 175.028707 0.000000 58.906553 0 rot 0.000000 0.000000 0.000000 0.000000 0.000000 0.000000 0.000000 0.000000 0.000000 shadow 58.906553 0.000000 0.000000
cup 0 179.000000 356.000000 0.000000 58.906553 0 rot 0.000000 0.000000 0.000000 0.000000 0.000000 0.000000 0.000000 0.000000 0.000000 shadow 58.906553 0.000000 0.000000
case 390 584 table 4
board topM 30.000000 boardH 442.000000 short 0 d 24.000000 ring 34.706553 myR 58.906553 mcx 179.000000 mcy 356.000000 origin 195.000000 386.000000
cam theta 0.283665 D 601.190228 zoom 1.060000
toScreen -400.000000 42.845162 0.893599 | -150.000000 243.317827 0.990811 | -40.000000 346.038609 1.040622 | 30.000000 416.961561 1.075014
fromScreen 0.000000 -460.652905 | 70.000000 -362.997810 | 250.000000 -142.509061
ring R 54.906553 cy 259.606855 rx 114.171887 ry 96.393145 pad 113 padX 55
seat 1 64.828113 259.606855
seat 2 179.000000 163.213710
seat 3 293.171887 259.606855
name 1 64.828113 328.513408
name 2 179.000000 232.120263
name 3 293.171887 328.513408
plate none
peek 1.064651 -58.906553 11.781311 7.068786
die 1 62.336322 226.644929 0.217254 22.370300
die 1 93.645386 248.869116 0.200309 22.370300
die 1 83.284742 285.706596 -0.237962 22.370300
die 1 43.832305 286.140242 -0.010091 22.370300
die 2 179.675302 131.071849 0.141738 22.370300
die 2 210.882559 153.536792 -0.074788 22.370300
die 2 196.472535 188.607724 0.199457 22.370300
die 2 159.280288 188.216375 -0.125746 22.370300
die 2 147.962559 154.047841 -0.161814 22.370300
die 3 290.600076 226.869171 -0.026500 22.370300
die 3 325.571039 251.594498 0.152391 22.370300
die 3 311.248508 285.238150 -0.046240 22.370300
die 0 176.944831 321.532646 0.136888 24.000000
die 0 213.969907 347.752372 -0.180447 24.000000
die 0 200.349665 381.813550 0.110619 24.000000
die 0 160.637081 384.976364 -0.037910 24.000000
die 0 146.941226 343.104653 0.039307 24.000000
cup 1 64.828113 259.606855 0.000000 54.906553 0 rot 0.000000 0.000000 0.000000 0.000000 0.000000 0.000000 0.000000 0.000000 0.000000 shadow 54.906553 0.000000 0.000000
cup 2 179.000000 163.213710 0.000000 54.906553 0 rot 0.000000 0.000000 0.000000 0.000000 0.000000 0.000000 0.000000 0.000000 0.000000 shadow 54.906553 0.000000 0.000000
cup 3 293.171887 259.606855 0.000000 54.906553 0 rot 0.000000 0.000000 0.000000 0.000000 0.000000 0.000000 0.000000 0.000000 0.000000 shadow 54.906553 0.000000 0.000000
cup 0 179.000000 356.000000 0.000000 58.906553 0 rot 0.000000 0.000000 0.000000 0.000000 0.000000 0.000000 0.000000 0.000000 0.000000 shadow 58.906553 0.000000 0.000000
case 390 584 table 5
board topM 30.000000 boardH 442.000000 short 0 d 24.000000 ring 34.706553 myR 58.906553 mcx 179.000000 mcy 356.000000 origin 195.000000 386.000000
cam theta 0.283665 D 601.190228 zoom 1.060000
toScreen -400.000000 42.845162 0.893599 | -150.000000 243.317827 0.990811 | -40.000000 346.038609 1.040622 | 30.000000 416.961561 1.075014
fromScreen 0.000000 -460.652905 | 70.000000 -362.997810 | 250.000000 -142.509061
ring R 46.906553 cy 236.368020 rx 129.899669 ry 119.631980 pad 113 padX 48
seat 1 55.458074 273.336335
seat 2 102.646890 139.583715
seat 3 255.353110 139.583715
seat 4 302.541926 273.336335
name 1 55.458074 334.242888
name 2 102.646890 200.490268
name 3 255.353110 200.490268
name 4 302.541926 334.242888
plate none
peek 1.064651 -58.906553 11.781311 7.068786
die 1 53.329341 245.177031 0.217254 19.110900
die 1 80.076609 264.163107 0.200309 19.110900
die 1 71.225533 295.633289 -0.237962 19.110900
die 1 37.521399 296.003752 -0.010091 19.110900
die 2 103.223799 112.124991 0.141738 19.110900
die 2 129.884094 131.316744 -0.074788 19.110900
die 2 117.573640 161.277768 0.199457 19.110900
die 2 85.800382 160.943439 -0.125746 19.110900
die 2 76.131670 131.753333 -0.161814 19.110900
die 3 253.156017 111.615981 -0.026500 19.110900
die 3 283.031637 132.738776 0.152391 19.110900
die 3 270.795929 161.480477 -0.046240 19.110900
die 4 303.350230 245.852817 -0.199898 19.110900
die 4 328.563395 265.553546 -0.111909 19.110900
die 4 317.397862 295.473213 0.018314 19.110900
die 4 287.226498 296.210165 -0.121758 19.110900
die 4 277.707938 263.862305 0.023922 19.110900
die 0 176.944831 321.532646 0.136888 24.000000
die 0 213.969907 347.752372 -0.180447 24.000000
die 0 200.349665 381.813550 0.110619 24.000000
die 0 160.637081 384.976364 -0.037910 24.000000
die 0 146.941226 343.104653 0.039307 24.000000
cup 1 55.458074 273.336335 0.000000 46.906553 0 rot 0.000000 0.000000 0.000000 0.000000 0.000000 0.000000 0.000000 0.000000 0.000000 shadow 46.906553 0.000000 0.000000
cup 2 102.646890 139.583715 0.000000 46.906553 0 rot 0.000000 0.000000 0.000000 0.000000 0.000000 0.000000 0.000000 0.000000 0.000000 shadow 46.906553 0.000000 0.000000
cup 3 255.353110 139.583715 0.000000 46.906553 0 rot 0.000000 0.000000 0.000000 0.000000 0.000000 0.000000 0.000000 0.000000 0.000000 shadow 46.906553 0.000000 0.000000
cup 4 302.541926 273.336335 0.000000 46.906553 0 rot 0.000000 0.000000 0.000000 0.000000 0.000000 0.000000 0.000000 0.000000 0.000000 shadow 46.906553 0.000000 0.000000
cup 0 179.000000 356.000000 0.000000 58.906553 0 rot 0.000000 0.000000 0.000000 0.000000 0.000000 0.000000 0.000000 0.000000 0.000000 shadow 58.906553 0.000000 0.000000
case 390 584 table 6
board topM 30.000000 boardH 442.000000 short 0 d 24.000000 ring 34.706553 myR 58.906553 mcx 179.000000 mcy 356.000000 origin 195.000000 386.000000
cam theta 0.283665 D 601.190228 zoom 1.060000
toScreen -400.000000 42.845162 0.893599 | -150.000000 243.317827 0.990811 | -40.000000 346.038609 1.040622 | 30.000000 416.961561 1.075014
fromScreen 0.000000 -460.652905 | 70.000000 -362.997810 | 250.000000 -142.509061
ring R 36.906553 cy 233.023111 rx 155.793746 ry 122.976889 pad 113 padX 38
seat 1 44.078659 294.511555
seat 2 44.078659 171.534666
seat 3 179.000000 110.046222
seat 4 313.921341 171.534666
seat 5 281.257543 294.511555
name 1 44.078659 345.418108
name 2 71.758573 211.214581
name 3 179.000000 160.952775
name 4 247.014788 171.534666
name 5 281.257543 345.418108
plate none
peek 1.064651 -58.906553 11.781311 7.068786
die 1 42.403750 272.355529 0.217254 15.036651
die 1 63.448773 287.293967 0.200309 15.036651
die 1 56.484656 312.055026 -0.237962 15.036651
die 1 29.965900 312.346510 -0.010091 15.036651
die 2 44.532576 149.929863 0.141738 15.036651
die 2 65.509167 165.030130 -0.074788 15.036651
die 2 55.823177 188.603768 0.199457 15.036651
die 2 30.823654 188.340715 -0.125746 15.036651
die 2 23.216213 165.373642 -0.161814 15.036651
die 3 177.271305 88.040924 -0.026500 15.036651
die 3 200.777747 104.660554 0.152391 15.036651
die 3 191.150567 127.274817 -0.046240 15.036651
die 4 314.557323 149.910355 -0.199898 15.036651
die 4 334.395298 165.411089 -0.111909 15.036651
die 4 325.610143 188.952187 0.018314 15.036651
die 4 301.871007 189.532029 -0.121758 15.036651
die 4 294.381707 164.080403 0.023922 15.036651
die 0 176.944831 321.532646 0.136888 24.000000
die 0 213.969907 347.752372 -0.180447 24.000000
die 0 200.349665 381.813550 0.110619 24.000000
die 0 160.637081 384.976364 -0.037910 24.000000
die 0 146.941226 343.104653 0.039307 24.000000
cup 1 44.078659 294.511555 0.000000 36.906553 0 rot 0.000000 0.000000 0.000000 0.000000 0.000000 0.000000 0.000000 0.000000 0.000000 shadow 36.906553 0.000000 0.000000
cup 2 44.078659 171.534666 0.000000 36.906553 0 rot 0.000000 0.000000 0.000000 0.000000 0.000000 0.000000 0.000000 0.000000 0.000000 shadow 36.906553 0.000000 0.000000
cup 3 179.000000 110.046222 0.000000 36.906553 0 rot 0.000000 0.000000 0.000000 0.000000 0.000000 0.000000 0.000000 0.000000 0.000000 shadow 36.906553 0.000000 0.000000
cup 4 313.921341 171.534666 0.000000 36.906553 0 rot 0.000000 0.000000 0.000000 0.000000 0.000000 0.000000 0.000000 0.000000 0.000000 shadow 36.906553 0.000000 0.000000
cup 5 243.224430 293.004521 36.906553 36.906553 1 rot -0.039593 0.999216 0.000000 0.133229 0.005279 0.991071 0.990294 0.039240 -0.133333 shadow 42.246462 38.033112 1.507034
cup 0 179.000000 356.000000 0.000000 58.906553 0 rot 0.000000 0.000000 0.000000 0.000000 0.000000 0.000000 0.000000 0.000000 0.000000 shadow 58.906553 0.000000 0.000000
case 390 584 wait 2
board topM 30.000000 boardH 542.000000 short 0 d 24.000000 ring 34.706553 myR 58.906553 mcx 179.000000 mcy 456.000000 origin 195.000000 486.000000
cam theta 0.336720 D 614.787516 zoom 1.060000
toScreen -400.000000 156.616001 0.872454 | -150.000000 347.123883 0.980926 | -40.000000 446.823194 1.037693 | 30.000000 516.506052 1.077370
fromScreen 0.000000 -657.384787 | 70.000000 -535.453371 | 250.000000 -270.132462
ring R 58.906553 cy 302.929535 rx 358.000000 ry 153.070465 pad 210 padX 0
seat 1 179.000000 149.859070
name 1 179.000000 222.765623
plate none
peek 1.012291 -58.906553 11.781311 7.068786
die 1 176.326679 114.495833 0.217254 24.000000
die 1 209.916641 138.339075 0.200309 24.000000
die 1 198.801214 177.860204 -0.237962 24.000000
die 1 156.474625 178.325442 -0.010091 24.000000
die 0 176.944831 421.532646 0.136888 24.000000
die 0 213.969907 447.752372 -0.180447 24.000000
die 0 200.349665 481.813550 0.110619 24.000000
die 0 160.637081 484.976364 -0.037910 24.000000
die 0 146.941226 443.104653 0.039307 24.000000
cup 1 179.000000 149.859070 0.000000 58.906553 0 rot 0.000000 0.000000 0.000000 0.000000 0.000000 0.000000 0.000000 0.000000 0.000000 shadow 58.906553 0.000000 0.000000
cup 0 179.000000 456.000000 0.000000 58.906553 0 rot 0.000000 0.000000 0.000000 0.000000 0.000000 0.000000 0.000000 0.000000 0.000000 shadow 58.906553 0.000000 0.000000
case 390 584 wait 3
board topM 30.000000 boardH 542.000000 short 0 d 24.000000 ring 34.706553 myR 58.906553 mcx 179.000000 mcy 456.000000 origin 195.000000 486.000000
cam theta 0.336720 D 614.787516 zoom 1.060000
toScreen -400.000000 156.616001 0.872454 | -150.000000 347.123883 0.980926 | -40.000000 446.823194 1.037693 | 30.000000 516.506052 1.077370
fromScreen 0.000000 -657.384787 | 70.000000 -535.453371 | 250.000000 -270.132462
ring R 58.906553 cy 251.906047 rx 152.042697 ry 204.093953 pad 210 padX 81
seat 1 47.327162 149.859070
seat 2 310.672838 149.859070
name 1 47.327162 222.765623
name 2 310.672838 222.765623
plate none
peek 1.012291 -58.906553 11.781311 7.068786
die 1 44.653841 114.495833 0.217254 24.000000
die 1 78.243803 138.339075 0.200309 24.000000
die 1 67.128375 177.860204 -0.237962 24.000000
die 1 24.801787 178.325442 -0.010091 24.000000
die 2 311.397337 115.375641 0.141738 24.000000
die 2 344.878076 139.477178 -0.074788 24.000000
die 2 329.418266 177.103065 0.199457 24.000000
die 2 289.516525 176.683205 -0.125746 24.000000
die 2 277.374287 140.025458 -0.161814 24.000000
die 0 176.944831 421.532646 0.136888 24.000000
die 0 213.969907 447.752372 -0.180447 24.000000
die 0 200.349665 481.813550 0.110619 24.000000
die 0 160.637081 484.976364 -0.037910 24.000000
die 0 146.941226 443.104653 0.039307 24.000000
cup 1 47.327162 149.859070 0.000000 58.906553 0 rot 0.000000 0.000000 0.000000 0.000000 0.000000 0.000000 0.000000 0.000000 0.000000 shadow 58.906553 0.000000 0.000000
cup 2 310.672838 149.859070 0.000000 58.906553 0 rot 0.000000 0.000000 0.000000 0.000000 0.000000 0.000000 0.000000 0.000000 0.000000 shadow 58.906553 0.000000 0.000000
cup 0 179.000000 456.000000 0.000000 58.906553 0 rot 0.000000 0.000000 0.000000 0.000000 0.000000 0.000000 0.000000 0.000000 0.000000 shadow 58.906553 0.000000 0.000000
case 390 584 wait 4
board topM 30.000000 boardH 542.000000 short 0 d 24.000000 ring 34.706553 myR 58.906553 mcx 179.000000 mcy 456.000000 origin 195.000000 486.000000
cam theta 0.336720 D 614.787516 zoom 1.060000
toScreen -400.000000 156.616001 0.872454 | -150.000000 347.123883 0.980926 | -40.000000 446.823194 1.037693 | 30.000000 516.506052 1.077370
fromScreen 0.000000 -657.384787 | 70.000000 -535.453371 | 250.000000 -270.132462
ring R 58.906553 cy 302.929535 rx 117.005449 ry 153.070465 pad 210 padX 66
seat 1 61.994551 302.929535
seat 2 179.000000 149.859070
seat 3 296.005449 302.929535
name 1 61.994551 375.836088
name 2 179.000000 222.765623
name 3 296.005449 375.836088
plate none
peek 1.012291 -58.906553 11.781311 7.068786
die 1 59.321230 267.566298 0.217254 24.000000
die 1 92.911193 291.409540 0.200309 24.000000
die 1 81.795765 330.930669 -0.237962 24.000000
die 1 39.469176 331.395907 -0.010091 24.000000
die 2 179.724498 115.375641 0.141738 24.000000
die 2 213.205237 139.477178 -0.074788 24.000000
die 2 197.745427 177.103065 0.199457 24.000000
die 2 157.843686 176.683205 -0.125746 24.000000
die 2 145.701449 140.025458 -0.161814 24.000000
die 3 293.246279 267.806877 -0.026500 24.000000
die 3 330.764913 294.333470 0.152391 24.000000
die 3 315.398971 330.428097 -0.046240 24.000000
die 0 176.944831 421.532646 0.136888 24.000000
die 0 213.969907 447.752372 -0.180447 24.000000
die 0 200.349665 481.813550 0.110619 24.000000
die 0 160.637081 484.976364 -0.037910 24.000000
die 0 146.941226 443.104653 0.039307 24.000000
cup 1 61.994551 302.929535 0.000000 58.906553 0 rot 0.000000 0.000000 0.000000 0.000000 0.000000 0.000000 0.000000 0.000000 0.000000 shadow 58.906553 0.000000 0.000000
cup 2 179.000000 149.859070 0.000000 58.906553 0 rot 0.000000 0.000000 0.000000 0.000000 0.000000 0.000000 0.000000 0.000000 0.000000 shadow 58.906553 0.000000 0.000000
cup 3 296.005449 302.929535 0.000000 58.906553 0 rot 0.000000 0.000000 0.000000 0.000000 0.000000 0.000000 0.000000 0.000000 0.000000 shadow 58.906553 0.000000 0.000000
cup 0 179.000000 456.000000 0.000000 58.906553 0 rot 0.000000 0.000000 0.000000 0.000000 0.000000 0.000000 0.000000 0.000000 0.000000 shadow 58.906553 0.000000 0.000000
case 390 584 wait 5
board topM 30.000000 boardH 542.000000 short 0 d 24.000000 ring 34.706553 myR 58.906553 mcx 179.000000 mcy 456.000000 origin 195.000000 486.000000
cam theta 0.336720 D 614.787516 zoom 1.060000
toScreen -400.000000 156.616001 0.872454 | -150.000000 347.123883 0.980926 | -40.000000 446.823194 1.037693 | 30.000000 516.506052 1.077370
fromScreen 0.000000 -657.384787 | 70.000000 -535.453371 | 250.000000 -270.132462
ring R 56.906553 cy 282.651546 rx 122.384660 ry 173.348454 pad 210 padX 61
seat 1 62.605272 336.219164
seat 2 107.064102 142.409700
seat 3 250.935898 142.409700
seat 4 295.394728 336.219164
name 1 62.605272 407.125717
name 2 107.064102 213.316253
name 3 250.935898 213.316253
name 4 295.394728 407.125717
plate none
peek 1.012291 -58.906553 11.781311 7.068786
die 1 60.022716 302.056583 0.217254 23.185150
die 1 92.472229 325.090297 0.200309 23.185150
die 1 81.734193 363.269602 -0.237962 23.185150
die 1 40.844680 363.719044 -0.010091 23.185150
die 2 107.764002 109.097056 0.141738 23.185150
die 2 140.108000 132.380295 -0.074788 23.185150
die 2 125.173083 168.728705 0.199457 23.185150
die 2 86.626089 168.323100 -0.125746 23.185150
die 2 74.896106 132.909960 -0.161814 23.185150
die 3 248.270408 108.479529 -0.026500 23.185150
die 3 284.515206 134.105489 0.152391 23.185150
die 3 269.670969 168.974629 -0.046240 23.185150
die 4 296.375354 302.876439 -0.199898 23.185150
die 4 326.963709 326.777163 -0.111909 23.185150
die 4 313.417798 363.075399 0.018314 23.185150
die 4 276.814206 363.969462 -0.121758 23.185150
die 4 265.266386 324.725367 0.023922 23.185150
die 0 176.944831 421.532646 0.136888 24.000000
die 0 213.969907 447.752372 -0.180447 24.000000
die 0 200.349665 481.813550 0.110619 24.000000
die 0 160.637081 484.976364 -0.037910 24.000000
die 0 146.941226 443.104653 0.039307 24.000000
cup 1 62.605272 336.219164 0.000000 56.906553 0 rot 0.000000 0.000000 0.000000 0.000000 0.000000 0.000000 0.000000 0.000000 0.000000 shadow 56.906553 0.000000 0.000000
cup 2 107.064102 142.409700 0.000000 56.906553 0 rot 0.000000 0.000000 0.000000 0.000000 0.000000 0.000000 0.000000 0.000000 0.000000 shadow 56.906553 0.000000 0.000000
cup 3 250.935898 142.409700 0.000000 56.906553 0 rot 0.000000 0.000000 0.000000 0.000000 0.000000 0.000000 0.000000 0.000000 0.000000 shadow 56.906553 0.000000 0.000000
cup 4 295.394728 336.219164 0.000000 56.906553 0 rot 0.000000 0.000000 0.000000 0.000000 0.000000 0.000000 0.000000 0.000000 0.000000 shadow 56.906553 0.000000 0.000000
cup 0 179.000000 456.000000 0.000000 58.906553 0 rot 0.000000 0.000000 0.000000 0.000000 0.000000 0.000000 0.000000 0.000000 0.000000 shadow 58.906553 0.000000 0.000000
case 390 584 wait 6
board topM 30.000000 boardH 542.000000 short 0 d 24.000000 ring 34.706553 myR 58.906553 mcx 179.000000 mcy 456.000000 origin 195.000000 486.000000
cam theta 0.336720 D 614.787516 zoom 1.060000
toScreen -400.000000 156.616001 0.872454 | -150.000000 347.123883 0.980926 | -40.000000 446.823194 1.037693 | 30.000000 516.506052 1.077370
fromScreen 0.000000 -657.384787 | 70.000000 -535.453371 | 250.000000 -270.132462
ring R 42.906553 cy 273.132057 rx 152.111483 ry 182.867943 pad 210 padX 47
seat 1 47.267592 364.566028
seat 2 47.267592 181.698085
seat 3 179.000000 90.264114
seat 4 310.732408 181.698085
seat 5 272.092507 364.566028
name 1 47.267592 421.472581
name 2 47.267592 238.604638
name 3 179.000000 147.170667
name 4 310.732408 238.604638
name 5 272.092507 421.472581
plate none
peek 1.012291 -58.906553 11.781311 7.068786
die 1 45.320389 338.808035 0.217254 17.481201
die 1 69.786759 356.175056 0.200309 17.481201
die 1 61.690466 384.961589 -0.237962 17.481201
die 1 30.860484 385.300460 -0.010091 17.481201
die 2 47.795304 156.580930 0.141738 17.481201
die 2 72.182117 174.136088 -0.074788 17.481201
die 2 60.921449 201.542158 0.199457 17.481201
die 2 31.857685 201.236339 -0.125746 17.481201
die 2 23.013481 174.535446 -0.161814 17.481201
die 3 176.990267 64.681354 -0.026500 17.481201
die 3 204.318215 84.002883 0.152391 17.481201
die 3 193.125918 110.293609 -0.046240 17.481201
die 4 311.471783 156.558249 -0.199898 17.481201
die 4 334.534872 174.578981 -0.111909 17.481201
die 4 324.321490 201.947220 0.018314 17.481201
die 4 296.723017 202.621328 -0.121758 17.481201
die 4 288.016161 173.031962 0.023922 17.481201
die 0 176.944831 421.532646 0.136888 24.000000
die 0 213.969907 447.752372 -0.180447 24.000000
die 0 200.349665 481.813550 0.110619 24.000000
die 0 160.637081 484.976364 -0.037910 24.000000
die 0 146.941226 443.104653 0.039307 24.000000
cup 1 47.267592 364.566028 0.000000 42.906553 0 rot 0.000000 0.000000 0.000000 0.000000 0.000000 0.000000 0.000000 0.000000 0.000000 shadow 42.906553 0.000000 0.000000
cup 2 47.267592 181.698085 0.000000 42.906553 0 rot 0.000000 0.000000 0.000000 0.000000 0.000000 0.000000 0.000000 0.000000 0.000000 shadow 42.906553 0.000000 0.000000
cup 3 179.000000 90.264114 0.000000 42.906553 0 rot 0.000000 0.000000 0.000000 0.000000 0.000000 0.000000 0.000000 0.000000 0.000000 shadow 42.906553 0.000000 0.000000
cup 4 310.732408 181.698085 0.000000 42.906553 0 rot 0.000000 0.000000 0.000000 0.000000 0.000000 0.000000 0.000000 0.000000 0.000000 shadow 42.906553 0.000000 0.000000
cup 5 227.876246 362.813991 42.906553 42.906553 1 rot -0.039593 0.999216 0.000000 0.133229 0.005279 0.991071 0.990294 0.039240 -0.133333 shadow 49.114586 44.216260 1.752037
cup 0 179.000000 456.000000 0.000000 58.906553 0 rot 0.000000 0.000000 0.000000 0.000000 0.000000 0.000000 0.000000 0.000000 0.000000 shadow 58.906553 0.000000 0.000000
